,date_posted,job_title,location
0,2021-04-08,Senior Python Developer,"Stewartbury, AA"
1,2021-04-08,Energy engineer,"Christopherville, AA"
2,2021-04-08,Legal executive,"Port Ericaburgh, AA"
3,2021-04-08,Fitness centre manager,"East Seanview, AP"
4,2021-04-08,Product manager,"North Jamieview, AP"
5,2021-04-08,Medical technical officer,"Davidville, AP"
6,2021-04-08,Physiological scientist,"South Christopher, AE"
7,2021-04-08,Textile designer,"Port Jonathan, AE"
8,2021-04-08,Television floor manager,"Osbornetown, AE"
9,2021-04-08,Waste management officer,"Scotttown, AP"
10,2021-04-08,Software Engineer (Python),"Ericberg, AE"
11,2021-04-08,Interpreter,"Ramireztown, AE"
12,2021-04-08,Architect,"Figueroaview, AA"
13,2021-04-08,Meteorologist,"Kelseystad, AA"
14,2021-04-08,Audiological scientist,"Williamsburgh, AE"
15,2021-04-08,English as a second language teacher,"Mitchellburgh, AE"
16,2021-04-08,Surgeon,"West Jessicabury, AA"
17,2021-04-08,Equities trader,"Maloneshire, AE"
18,2021-04-08,Newspaper journalist,"Johnsonton, AA"
19,2021-04-08,Materials engineer,"South Davidtown, AP"
20,2021-04-08,Python Programmer (Entry-Level),"Port Sara, AE"
21,2021-04-08,Product/process development scientist,"Marktown, AA"
22,2021-04-08,"Scientist, research (maths)","Laurenland, AE"
23,2021-04-08,Ecologist,"Lauraton, AP"
24,2021-04-08,Materials engineer,"South Tammyberg, AP"
25,2021-04-08,Historic buildings inspector/conservation officer,"North Brandonville, AP"
26,2021-04-08,Data scientist,"Port Robertfurt, AA"
27,2021-04-08,Psychiatrist,"Burnettbury, AE"
28,2021-04-08,Structural engineer,"Herbertside, AA"
29,2021-04-08,Immigration officer,"Christopherport, AP"
30,2021-04-08,Python Programmer (Entry-Level),"West Victor, AE"
31,2021-04-08,Neurosurgeon,"Port Aaron, AP"
32,2021-04-08,Broadcast engineer,"Loribury, AA"
33,2021-04-08,Make,"Angelastad, AP"
34,2021-04-08,"Nurse, adult","Larrytown, AE"
35,2021-04-08,Air broker,"West Colin, AP"
36,2021-04-08,"Editor, film/video","West Stephanie, AP"
37,2021-04-08,"Production assistant, radio","Laurentown, AP"
38,2021-04-08,"Engineer, communications","Wrightberg, AP"
39,2021-04-08,Sales executive,"Alberttown, AE"
40,2021-04-08,Software Developer (Python),"Brockburgh, AE"
41,2021-04-08,Futures trader,"North Jason, AE"
42,2021-04-08,Tour manager,"Arnoldhaven, AE"
43,2021-04-08,Cytogeneticist,"Lake Destiny, AP"
44,2021-04-08,"Designer, multimedia","South Timothyburgh, AP"
45,2021-04-08,Trade union research officer,"New Jimmyton, AE"
46,2021-04-08,"Chemist, analytical","New Lucasbury, AP"
47,2021-04-08,"Programmer, multimedia","Port Cory, AE"
48,2021-04-08,"Engineer, broadcasting (operations)","Gileston, AA"
49,2021-04-08,"Teacher, primary school","Cindyshire, AA"
50,2021-04-08,Python Developer,"East Michaelfort, AA"
51,2021-04-08,Manufacturing systems engineer,"Joybury, AE"
52,2021-04-08,"Producer, television/film/video","Emmatown, AE"
53,2021-04-08,"Scientist, forensic","Colehaven, AP"
54,2021-04-08,Bonds trader,"Port Coryton, AE"
55,2021-04-08,Editorial assistant,"Amyborough, AA"
56,2021-04-08,Photographer,"Reynoldsville, AA"
57,2021-04-08,Retail banker,"Port Billy, AP"
58,2021-04-08,Jewellery designer,"Adamburgh, AA"
59,2021-04-08,Ophthalmologist,"Wilsonmouth, AA"
60,2021-04-08,"Back-End Web Developer (Python, Django)","South Kimberly, AA"
61,2021-04-08,Licensed conveyancer,"Benjaminland, AP"
62,2021-04-08,Futures trader,"Zacharyport, AA"
63,2021-04-08,Counselling psychologist,"Port Devonville, AE"
64,2021-04-08,Insurance underwriter,"East Thomas, AE"
65,2021-04-08,"Engineer, automotive","New Jeffrey, AP"
66,2021-04-08,"Producer, radio","Davidside, AA"
67,2021-04-08,Dispensing optician,"Jamesville, AA"
68,2021-04-08,"Designer, fashion/clothing","New Kelly, AP"
69,2021-04-08,Chartered loss adjuster,"Lake Antonio, AA"
70,2021-04-08,"Back-End Web Developer (Python, Django)","New Elizabethside, AA"
71,2021-04-08,Forest/woodland manager,"Millsbury, AE"
72,2021-04-08,Clinical cytogeneticist,"Lloydton, AP"
73,2021-04-08,Print production planner,"Port Jeremy, AA"
74,2021-04-08,Systems developer,"New Elizabethtown, AA"
75,2021-04-08,Graphic designer,"Charlesstad, AE"
76,2021-04-08,Writer,"Josephbury, AE"
77,2021-04-08,Field seismologist,"Seanfurt, AA"
78,2021-04-08,Chief Strategy Officer,"Williambury, AA"
79,2021-04-08,Air cabin crew,"South Jorgeside, AP"
80,2021-04-08,Python Programmer (Entry-Level),"Robertborough, AP"
81,2021-04-08,Warden/ranger,"South Saratown, AP"
82,2021-04-08,Sports therapist,"Hullview, AA"
83,2021-04-08,Arts development officer,"Philipland, AP"
84,2021-04-08,Printmaker,"North Patty, AE"
85,2021-04-08,Health and safety adviser,"North Stephen, AE"
86,2021-04-08,Manufacturing systems engineer,"Stevensland, AP"
87,2021-04-08,"Programmer, applications","Reyesstad, AE"
88,2021-04-08,Medical physicist,"Bellberg, AP"
89,2021-04-08,Media planner,"North Johnland, AE"
90,2021-04-08,Software Developer (Python),"Martinezburgh, AE"
91,2021-04-08,"Surveyor, land/geomatics","Joshuatown, AE"
92,2021-04-08,Legal executive,"West Ericstad, AA"
93,2021-04-08,"Librarian, academic","Tuckertown, AE"
94,2021-04-08,Barrister,"Perezton, AE"
95,2021-04-08,Museum/gallery exhibitions officer,"Lake Abigail, AE"
96,2021-04-08,"Radiographer, diagnostic","Jacobshire, AP"
97,2021-04-08,Database administrator,"Port Susan, AE"
98,2021-04-08,Furniture designer,"North Tiffany, AA"
99,2021-04-08,Ship broker,"Michelleville, AP"
