,title,author,likes
0,The Guy Upstairs,Hanza Art,"519,034"
1,Marry My Husband,sungsojak LICO,1.1M
2,True Beauty,Yaongyi,50.1M
3,Maybe Meant to Be,honeyskein damcho,2.5M
4,Teenage Mercenary,YC Rakyeon,6.6M
5,LUMINE,Emma Krogell,21M
6,Get Schooled,Yongtaek Chae GARAM HAN,5.4M
7,Jackson's Diary,Paola Batalla,6.1M
8,Unlovable Replacement,Nylana,7M
9,Sixth Sense Kiss,Got W Jocobong,4.7M
10,Nice To Meet You,Wishroomness,8.6M
11,Wished You Were Dead,SEOCHEONG ARAN,2.6M
12,The RUNWAY,Domi Nokdu,2.1M
13,Weak Hero,SEOPASS RAZEN,13.6M
14,The Four of Them,Mai Hirschfeld_,8.5M
15,Perfect Marriage Revenge,Yibambe so young,3.2M
16,I Love Yoo,Quimchee,34M
17,From a Knight to a Lady,Ink. Hyerim Sung,2.8M
18,Purple Hyacinth,Ephemerys Sophism,13.6M
19,The Second Lead Syndrome,Batusawa,"112,426"
20,Lookism,Taejun Pak,42.4M
21,Bitten Contract,sungeun,1.6M
22,Odd Girl Out,Morangji,19.7M
23,Seasons of Blossom,HONGDUCK NEMONE,6.6M
24,She's Hopeless,Seokwoo,4.3M
25,The Greatest Estate Developer,Lee hyunmin Kim Hyunsoo,1.5M
26,Archie Comics: Big Ethel Energy,Keryl Brown Ahmed Siobhan,2.2M
27,Annie Green Hates Girls,Minorinmakes,"110,218"
28,Going Up,Melissaboo,"62,518"
29,To You Who Swallowed a Star,ARI,3.8M
30,Secretary Out-of-Order,QuornQuorn Parand,1.7M
31,My Reason to Die,YUJU,"736,178"
32,After School Lessons for Unripe Apples,Soonkki,2.2M
33,Viral Hit,Taejun Pak Kim Junghyun,5.9M
34,Dear Nemesis,Velma ohsso,"427,035"
35,Lost in Translation,Jjolee,6.7M
36,To Tame a Fire,hilluhri,"365,311"
37,Surviving as a Fish,DONG9,"195,391"
38,Another Love ,I SOON KI DDOGAK,"865,622"
39,The Dark Lord's Confession,Topseoung,"485,187"
40,A Chance At Last,Dindon Seo hye eun,"735,757"
41,Study Group,Hyungwuk Shin Seungyeon Ryu,1.3M
42,Daytime Star,Chaeun Godago,"805,959"
43,Raven Saga,Chihiro Howe,1.7M
44,My Dud to Stud Boyfriend,YERANG SUTGGI,"328,310"
45,The Blood of the Butterfly,Remin,1.5M
46,Manager Kim,Jeongjongtaek Toy,"640,818"
47,No Longer A Heroine!,Maenggi Ki,3.6M
48,To Not Die,Parae Jinguk Lim,"534,007"
49,Watermelon,Rorita,6.1M
50,Space Boy,Stephen McCranie,7.3M
51,A Whirlwind Campus Affair,Uiyoung,"639,890"
52,The Croaking,echorise,6.6M
53,Flawed Almighty,Carnby Kim RH Song,1.1M
54,In the Bleak Midwinter;,Kat Ali,2.8M
55,Secret Playlist,2F,4.2M
56,Woven,Lark & Wren,"337,920"
57,"Date First, Love Later",the gom (HAPPYBOOKSTOYOU) jungmi,1.4M
58,Charming You,Gulrim Park Soo jung,"329,017"
59,Cierra,Rana Moona,"771,079"
60,The Fox Club,HJ. Hwang,"499,944"
61,Lone,Mel0h,2.1M
62,Señorita Cometa,Arechan,"429,994"
63,Heir's Game,suspu,4.6M
64,Pyramid Game,Dalgonyak,1.9M
65,The Prenup,Flada Siwon,"515,626"
66,Mistake,Cindy Chwa Honeytoast,"264,462"
67,Loaf App,Yugyeong Gulrim,"115,818"
68,"Take Me, I'm Yours",RoseBean One Punch Rabbit,"724,016"
69,Midnight Rain,Pani,1.7M
70,The Tax Reaper,WintersleepTurtle Elgar,"459,454"
71,Housekeeper,Yongtaek Chae Yuhyun,"294,295"
72,Neon Revenge,Gisong NemGa,1.9M
73,Our Secret Alliance,Cakenyam,"333,339"
74,Aza,usaesae,"513,088"
75,Seven Years Later,Tirapuw hievasp,"323,397"
76,Rewriting Our Love Story,choi gyeong min young mo,"203,058"
77,The Spark in Your Eyes,MURO,"871,163"
78,Four Leaf,Lumaga,2M
79,Who's Mr. President?,S.M.S KING Productions,"304,896"
80,Random Chat,PARK EUN HYUK,2.9M
81,Fluidum,GirlsOnFilm ValeriaM,1.6M
82,Da Yomanville Gang,Jason King,2.1M
83,Exchange Student,ultrafrog,"122,439"
84,Ghost on the Roof,Klaus Scrimshaw,"203,386"
85,A DeadbEAT's Meal,CHEESE,"303,816"
86,Heavenly Roommates,MARO kang jaegeon,"639,001"
87,Savior,Junqi Jo9,"398,959"
88,Reunion,stephattyy,2M
89,Loser Coin,Lee Je Hwan Beomsik,"135,759"
90,Time and Reason,Colabear,"136,707"
91,A Man's Man,Dogado Lucas,"543,507"
92,Survival Log,e_no,"106,118"
93,The World is Money and Power,Dongwoo Han Dohee Lee,"886,353"
94,The Snake and the Flower,Na-eum So,"935,914"
95,Bastard,Carnby Kim Youngchan Hwang,7.5M
96,Time Roulette,SN Bae302,"100,087"
97,Write to Your Heart! ,vaguni,"156,505"
98,Unwritten Death,MaracuyasArt,"769,683"
99,Dr. Frost,JongBeom Lee,3.1M
100,To Be Ordinary!,kkanaria,"190,525"
101,Kidults,Hahim,"525,918"
102,Spring Once Again,2Hing,"85,938"
103,Superstar Associate Manager,kyungwon Park Do8,"49,174"
104,Of What Remains,Sillvi Studios,"171,481"
105,Tomorrow,Llama,"237,095"
106,Principal's Livestream,jwawind,"67,930"
107,Romance Punch,Galang Larope,"80,941"
108,Coffin Jackson,CTK,"67,838"
109,Days of Hana,Seokwoo,7.5M
110,Maya's World,Tupaikidal,"278,307"
111,From Morning to Night,JiEun Son,"228,006"
112,Blue,kennsaty,"155,133"
113,Unholy Blood,Lina Im Jeonghyeon Kim,13.2M
114,Discovering Love: A Harlequin Romance Collection,Various Artists,"136,281"
115,Back to You,Honey B,5M
116,Edith,Swansgarden,10.8M
117,Luggage,zealforart,"291,523"
118,My ID is Gangnam Beauty!,Maenggi Ki,1.3M
119,Publishing Love,Rosa Song Yi,"245,609"
120,The Horizon,JH,"345,225"
121,Muted,Miranda Mundt,7.6M
122,To Love Your Enemy,Jungyoon Taegeon,12.7M
123,My Dear Cold-Blooded King,lifelight,15.8M
124,The Girl Downstairs,Songah Min,3.9M
125,"Mom, I'm Sorry",MiTi GUGU,5.5M
126,Shotgun Boy,Carnby Kim Hongpil,4.2M
127,Gourmet Hound,Leehama,12M
128,Your Letter,Hyeon A Cho,1.1M
129,My Life as a Loser,Taejun Pak SW Jeon,"686,123"
130,Where Tangents Meet,instantmiso,2.9M
131,The Nuna at Our Office,WasakBasak JANE,"746,388"
132,It's Mine,LuckS,10.2M
133,Our Time,seaweed candy Leewol,"459,380"
134,SAVE ME,Big Hit Ent. LICO,4.2M
135,A Good Day to be a Dog,Lee Hey,10.5M
136,Age Matters,Enjelicious,28.6M
137,She Would Never Know,Cafelatte JINHA,1.6M
138,The Makeup Remover,Lee Yone,13.3M
139,Hooky,Míriam Bonastre Tur,9.6M
140,The Strange Tales of Oscar Zahn,Tri Vuong,1.2M
141,Yumi's Cells,Donggeon Lee,18.8M
142,Whale Star: The Gyeongseong Mermaid,Na Yoonhee,1.2M
143,Life Outside the Circle,H-P Lehkonen,1M
144,Tales of Greed,Juin Kim Taejun Pak Webtoon Company,"752,214"
145,Money Game,Bae Jin-Soo,"255,748"
146,Cherry Blossoms,PARK SUBONG,"157,861"
147,Ghost Theater,LICO,2.2M
148,SHADOW,yunuji haejin,"192,173"
149,ShootAround,suspu,1.8M
150,My Boo,Jeongseo,2.9M
151,Late Bloomer,zealforart,"752,682"
152,Assassin Roommate,Monica Gallagher,3.8M
153,Death's Game,LEE WONSIK GGULCHAN,1.5M
154,Dear X,VANZIUN,"751,318"
155,Double-Binded By Love,Fortune King Esam,"200,558"
156,LUFF,Arechan,9.2M
157,Kids Are All Right,HP56,"422,101"
158,Madame Outlaw,Junk Ren WmW,1.3M
159,Friday: Forbidden Tales,Bae Jin-Soo,"522,400"
160,The Sound of Magic: Annarasumanara,Ilkwon Ha,"915,788"
161,Dark Mortal,Jeonyeok Lee,1.2M
162,Spirit Fingers,Han Kyoung Chal,5.3M
163,Girls of the Wild's,HUN ZHENA,7.4M
164,Let Me Stay Over Tonight!,Yunana Heabun,1.9M
165,Her Bucket List,Yellow sheep So-p,1.2M
166,Dragnarok,KPJ Magmi,"447,125"
167,Oh! Holy,Ahyun,8.5M
168,The Aftermath,Bongsoo,"164,560"
169,HEART Anthology,Marvin.W caw-chan,1.7M
170,Moonlight Beauty Parlor,Nawa,"687,068"
171,Scorching Romance,Hongchi,5.4M
172,Cheese in the Trap,Soonkki,9.3M
173,House of Stars,saltacuentos Lion Illustration,"867,823"
174,Big Jo,Jungle Julia,5.6M
175,The Stories of Those Around Me,OMYO,"910,104"
176,Taste of Illness,Ilkwon Ha,"569,750"
177,There's Love Hidden in Lies,Kawai Aporo,1.5M
178,Before We Knew It,Nakano Mayaka,4.6M
179,THE GIRL FROM CLASS,PARK SUBONG,"365,294"
180,A Mark Against Thee,gotaeho,"271,898"
181,Under the Aegis,VIMEDDIEE,"562,902"
182,If AI Ruled the World,POGO HOOPA,"638,196"
183,Yuna & Kawachan,Lauren Schmidt,1.8M
184,The World Where I Belong,GMOW,1M
185,Salty Studio,OMYO,1.1M
186,The Sound of Another,Baek June Thresher,"425,782"
187,Lilac 200%,Uiyoung,"365,981"
188,See No Evil,Gwangtanto Maduru,"469,100"
189,Behind the Curtain,dagwa,"184,495"
190,This Magical Moment,Na Yoonhee,"632,133"
191,About Death,Sini Hyeono,"381,455"
192,Garden Club Detective Squad,52chu,1M
193,FAMILY MAN,Pillwon Jung,"138,252"
194,Winter Woods,COSMOS VAN.J,3.8M
195,Crown of Feathers,Nicki Pau Preto Foxkirin,1.2M
196,The Savior's Time,Song Geukjang,"454,760"
197,She Bites!,MandaRat NoChanJoo,"234,511"
198,Cupid's Arrows,Thomas F. Zahler,"499,498"
199,The Golden Spoon,HD3,"323,126"
200,Bloodhounds,Jeong Chan,"130,696"
201,Laras's Heart,Tupaikidal,"154,973"
202,Magical 12th Graders,seri Biwan,"588,074"
203,11 of Me,Jiae Go Jaeyeong Yeong,"206,048"
204,WEBTOON GREENLiGHT,WEBTOON Various Artists,3.3M
205,A Fake Affair,Akiko Higashimura,"202,783"
206,Ctrl+Z,MiTi,"664,111"
207,Asterion,NeverDraws,"417,705"
208,American Road Trip,Patrick Flores-Scott Little Corvus,"347,457"
209,Heroine Chic,David Tischman Audrey Mok,"927,006"
210,Magic Soda Pop,Raúl Trevino,"666,076"
211,The Weight of Our Sky,Hanna Alkaf Nisrina A.N.,1.2M
212,Be Still My Heart,Ilkwon Ha,"67,557"
213,The Masked Fables,Ebae Kim,"537,629"
214,Davinchibi,Camilla d’Errico Stephen W. Martin,"77,576"
215,Gepetto,Jewon Yeon,"721,374"
216,New Normal: Class 8,Youngpaka,2.8M
217,Subtle Disaster,SUNGHO AN,"196,973"
218,God of Bath,Ilkwon Ha,"302,091"
219,Witch Hunt,SSO PARK,1M
220,CODE HELIX,Nikki Dibya Wardhana Bryan Arfiandy,"175,886"
221,Faust,Arechan,"597,204"
222,Power Ballad,Molly Brooks,"103,704"
223,Heartwired,Rod Hannah stratosmacca,"208,599"
224,Caster,Common Noble Transmission,"73,574"
225,Sithrah,Jason Brubaker,"271,748"
226,Thornstone,Vicente Miranda,"596,748"
227,Haxor,Walter Ostlie,"196,652"
228,2015: Space Series,Various Artists,"66,252"
229,Ode to Our Youth,Heenari,"75,394"
230,Westwood Vibrato,Inwan Youn Sunhee Kim,"201,230"
231,Metaphorical HER,James Maddox David Stoll,"183,891"
232,Aisopos,Yangsoo Kim Dogado,"286,282"
233,Alice Elise,Nicky Soh,"134,272"
234,All That You Are,Brayden Sato,"100,874"
235,City of Walls,A.K. Lovelace Shaun Noel,"20,635"
236,No Marriage is Perfect,Lee Dahong Long.B,1M
237,Noise From Upstairs,Yangsong,"113,365"
238,Divine Circumstances,Yusoo Jeong Aro,"123,538"
239,No Outtakes,Go Sunyoung,"680,126"
240,Dr. Hound,Aruani Laym,"256,024"
241,The Legendary Fossil,CHUNG JONG BESI,"329,598"
242,Monster Duke's Daughter,Han ocean Chal Lan,"745,596"
243,Love and Leashes,Winter,1.7M
244,This Life to the Next,jojoohee YUNO,"236,406"
245,Dreaming Freedom,2L,"566,399"
246,Fictional Skin,Kris Nguyen,"510,712"
247,#Blessed,M. Victoria Robado,1.9M
248,Console Her,AICandii,"202,720"
249,Mage Again,Myoung rang Sulmo,"397,052"
250,Let's Play,Leeanne M. Krecic (Mongie),40.7M
251,IF,Keon Tan,"466,890"
252,SOLEIL,YenKin,1.1M
253,Mythical Errand,GGOLI,"531,662"
254,The Remarried Empress,Alphatart Sumpul,25.1M
255,Acception,Colourbee,13.3M
256,Boyfriend of the Dead,Ushio,29.1M
257,Agatha,Dain Lee,"450,711"
258,Your Throne,SAM,12.8M
259,Midnight Poppy Land,Lilydusk,14.5M
260,Bad Signs,Jimena Aranda,2.1M
261,Love Me Knot,Sophia,5.5M
262,Beyond Virtual,EGA,"479,439"
263,Death of a Pop Star,Violet Karim,2.5M
264,The Shadow Prophet,Anne Delseit Marissa Delbressine,"306,189"
265,Version Day and Night,dewkneelight,1.2M
266,The Devil is a Handsome Man,Hellothisisangle,2.4M
267,Lore Olympus,Rachel Smythe,58M
268,Eaternal Nocturnal,instantmiso,5.1M
269,Suitor Armor,Purpah,8.7M
270,Castle Swimmer,Wendy Lian Martin,20.6M
271,Omniscient Reader,singNsong UMI,17.3M
272,My Gently Raised Beast,Yeoseulki Early Flower,8.8M
273,DARK MOON: THE BLOOD ALTAR,HYBE,2M
274,LUMINE,Emma Krogell,21M
275,The Duke's Cursed Charm,Goyogom Sohwagi,"326,337"
276,The Advanced Player of the Tutorial Tower,Bangguseok Gimssi Omagam,7.7M
277,ZOMGAN,ongoo dai,"115,146"
278,The God of High School,Yongje Park,29.7M
279,Eleceed,Jeho Son ZHENA,18.8M
280,Blood Reverie,lifelight,1.1M
281,Leveling Up My Husband to the Max,Uginon Nuova,3.8M
282,Villain to Kill,Fupin Eunji,3.7M
283,Like Wind on a Dry Branch,Dalsaeowl Hwaeum,8.3M
284,My In-Laws are Obsessed with Me ,seungu Han Yoon seol,2M
285,Love Me to Death,Toonimated,"744,026"
286,The World After the Fall ,singNsong S-Cynan,1.2M
287,Happily Ever Afterwards,Hwang DoTol Jeongseo,4.5M
288,Act Like You Love Me!,XUANN,5.8M
289,The Dungeon Cleaning Life of a Once Genius Hunter,Dalbeat GoilGoil,"121,133"
290,+99 Reinforced Wooden Stick,HONGSIL JIPERY,"561,167"
291,The Lone Necromancer,JJJ KIM KYOUNG-YEOL,1.7M
292,The Lazy Lord Masters the Sword,Dodomoon doip,1.6M
293,Mythic Item Obtained,Jung SeonYul Hess,"237,556"
294,For My Derelict Favorite,Kim Seonyu Ryuho,"539,130"
295,See You in My 19th Life,Lee Hey,10.2M
296,The Druid of Seoul Station,liveBear Mun sung ho,1.9M
297,1HP Club,elfboi,3.6M
298,From a Knight to a Lady,Ink. Hyerim Sung,2.8M
299,Hero Killer,Kkulbeol Beolkkul,3.7M
300,Return to Player,UMKY SEHON,3M
301,Dungeons & Artifacts,Zerowater UMKY,2.7M
302,His Majesty's Proposal,Bloomy INUS,3.7M
303,There Must Be Happy Endings,Jaerim Bulsa,3.2M
304,The Lone Spellcaster,Minchoba Chungcho,1.1M
305,I Get Stronger the More I Eat,Kitaeon Frost Mourne,1.5M
306,The Greatest Estate Developer,Lee hyunmin Kim Hyunsoo,1.5M
307,When Jasy Whistles,Cibeles,2.3M
308,My S-Class Hunters,seri biwan,"794,277"
309,Regina Rena: To the Unforgiven,NANA Seol Dong-Won,1.3M
310,"66,666 Years: Advent of the Dark Mage",PASA TARU,1.8M
311,Twilight Poem,Kim Suji MIDNIGHT STUDIO,"604,707"
312,Just a Goblin,Brandon Chen and JKSmanga Inuupen,"140,722"
313,The Witch and The Bull,Moonsia,6.4M
314,The Academy's Undercover Professor,sayren Tana,"186,340"
315,Winter Moon,Merryweather MAYUI,35.2M
316,The Newlywed Diary of a Witch and a Dragon,New lung Dimang,5M
317,Kill the Dragon,Miss Jisu J-Sun(REDICE STUDIO),"243,026"
318,Dear Nemesis,Velma ohsso,"427,035"
319,Murim RPG Simulation,Hyung Geun Cho Kwang Hwi,"582,095"
320,Limit Breaker,Oh Hongsil,"499,158"
321,Infinite Leveling: Murim,Jinwoo Kim Gonbung,1.5M
322,The Strongest Florist,Hyun hoo Joo Kumtata,3.9M
323,Ordeal,Brent Bristol,"687,683"
324,Defects,mushmello,"461,441"
325,Forever After,Hannah Patten Violet Matter,2.4M
326,Surviving as a Fish,DONG9,"195,391"
327,The Dark Lord's Confession,Topseoung,"485,187"
328,The Breaker: Eternal Force,GEUKJIN JEON JINHWAN PARK,"200,853"
329,The Warrior Returns,NARACK FUNGBACK,"890,936"
330,Raven Saga,Chihiro Howe,1.7M
331,Long After the Ending,Dorae Wonderdream,"644,058"
332,Rewriting the Villainess,HONGHYE,"899,506"
333,The Blood of the Butterfly,Remin,1.5M
334,"God, Please Make Me a Demon! ",Bulsa Yomgary,1.6M
335,The Male Lead's Girl Friend,KAKON RYU HEON,1.4M
336,Realta,Rachel Eaton,"316,260"
337,Spells From Hell,WmW Silke Tara,2.7M
338,Best Teacher Baek,ORIBORI S.J LEE,"334,609"
339,Watermelon,Rorita,6.1M
340,Reincarnated as an Unruly Heir,Jeon madu zaemu,"728,961"
341,Phone Addict,HD 8,"392,588"
342,X & Ash,Sehoon Kim Kwangsu Lee,"290,098"
343,The Ember Knight,Hwandaeng,1.1M
344,Zatanna & the Ripper,Sarah Dealy Syro,"284,597"
345,Karsearin: Adventures of a Red Dragon,YKB wm,"225,028"
346,Knight Under My Heart,Routine.  j HAN SungWoo,"188,669"
347,Gul,Atenmaru NicolieDC,1.1M
348,Philia Rosé: The Prophecy of the Crown of Thorns,Ryuta YUMI,"537,545"
349,Hooves of Death,Sam Bragg,2.7M
350,The Croaking,echorise,6.6M
351,So You're Raising a Warrior,JEON Segi JEON Hoyun,1.2M
352,7FATES: CHAKHO,HYBE,2.1M
353,21st Century Knights,Plastic Bottru,"585,355"
354,Woven,Lark & Wren,"337,920"
355,QUESTISM,TAEWAN YuNuni,"473,792"
356,The Final Raid Boss,KIM JANGHUN HA SEONGSHIN,"404,774"
357,The Matchmaking Baby Princess,Jimmy Sin Karin Park,1.3M
358,How to Become a Dragon,eon,4M
359,Lone,Mel0h,2.1M
360,Ultra-Alternate Character,JIXKSEE,"632,589"
361,Blue Matter,forgotuser,"561,731"
362,Little Matcha Girl,mame ´･ω･`,2M
363,A Dance of Swords in the Night,JP MinskySong,"97,126"
364,God Tribe,Agu_JUNU SEOPASS,"179,144"
365,A Summer Night's Dream,Kim su bak Kan,1.2M
366,Children of Mirra,MTS,"62,639"
367,Smity and Majesty,Nekucciola,1M
368,The Tax Reaper,WintersleepTurtle Elgar,"459,454"
369,Lily Crown,Diggymungo,"277,842"
370,Deor,J.oori,3M
371,Aza,usaesae,"513,088"
372,The Earth's Chosen Savior,Shinel Ha jung soo,"487,538"
373,Seven Years Later,Tirapuw hievasp,"323,397"
374,Metro Hunter,YOPY Mr.Cheok,"432,430"
375,Threads of Love,HAN KIJOO 1,"745,290"
376,The Spark in Your Eyes,MURO,"871,163"
377,The First Hunter,dedart Chanwook Jeon,"681,422"
378,Red Compass,Frank Calicó,"15,593"
379,Here There Be Dragons,Disteal Steve Horton,"353,443"
380,The Last Golden Child,Alkkae Saemong,"460,775"
381,Warrior of the Wild,Jingle & DOXO♥️ Brian Koffler,"512,020"
382,Lullaby,MJ Baeklee,"224,809"
383,Four Leaf,Lumaga,2M
384,Ghost King,SON GOHOO PARK JINSEOK,"219,755"
385,Just Pancakes,HadeToons,2.6M
386,THE STAR SEEKERS,HYBE,"746,490"
387,My Roommate is a Gumiho,NA,2.1M
388,Everfallen,Alai Cinereo,"67,402"
389,Teenage Dragon,Peanut,"185,458"
390,The Monster's Bride,Steak Sang beom,"624,812"
391,Protect the Knight,Dalbong,"472,274"
392,Heavenly Roommates,MARO kang jaegeon,"639,001"
393,Savior,Junqi Jo9,"398,959"
394,Our Resident Exorcist,BaStards Acorn nut & GB,"12,992"
395,Psychic Studies,PARK EUN HYUK,"256,343"
396,Nina's Magic Chest,RD,"194,645"
397,Fray,GO100,"161,792"
398,Neolithic Girl,JAEAH GARAM HAN,"815,510"
399,Religiously Gay,Snotprince,"201,276"
400,Warrior Executioner,Serae Kim,"112,346"
401,Prince Maker,Suosu,"503,328"
402,Zero Game,zelbasen,2.6M
403,Branching Out,profzach,"81,333"
404,Trailer Park Warlock,Matthew J. Rainwater,"731,719"
405,King of the East,Lee Dani Shin Jiwoo,"140,160"
406,Heavenly Eats,Myoung rang Allbba,"103,908"
407,Time Roulette,SN Bae302,"100,087"
408,Legends of Silica,Brian Edward Miller,"84,130"
409,The Fabled Warrior,Gosha Solem,"495,571"
410,Cydonia Shattering,Tony Karnowski Cocoon Production,"143,002"
411,Vampire Magicka,Bryan Golden,"100,420"
412,The First Night With the Duke,MSG Teava,11.7M
413,Tomorrow,Llama,"237,095"
414,Kubera,Currygom,3.8M
415,From Morning to Night,JiEun Son,"228,006"
416,Hwarang: Flower Knights of the Underworld,hwieum striy,"101,578"
417,Eyes,Jeong Summer,"140,156"
418,Luggage,zealforart,"291,523"
419,Tales of Sarimin the Jinn,NAGATERBANG,"173,861"
420,How to Survive a Romance Fantasy,sing-nanda,1.4M
421,WEBTOON x BTS,WEBTOON,1.3M
422,GANDA: Night Defender,Nikki Dibya Wardhana Linka08,"45,474"
423,A Heart for the Emperor,6S coconutberry,"377,971"
424,Siren's Lament,instantmiso,23.3M
425,Trump,Chaeeun Lee,1.7M
426,Promise of an Orchid,Jeong Hyun joo PARK JIN HWAN,"632,945"
427,Our Time,seaweed candy Leewol,"459,380"
428,Crumbs,Whitherling,1.8M
429,Atelier on the Sunflower Hill,Roctis Tray,"311,387"
430,Noblesse: Rai's Adventure,Jeho Son Kwangsu Lee,"327,693"
431,Aerial Magic,walkingnorth,1.7M
432,Hooky,Míriam Bonastre Tur,9.6M
433,Super Secret,eon,11.8M
434,The Strange Tales of Oscar Zahn,Tri Vuong,1.2M
435,Deadlife,Hooressha Jinguk Lim,"455,465"
436,The Wolf & Red Riding Hood,XUANN,3.6M
437,Noblesse,Jeho Son Kwangsu Lee,20.8M
438,For the Sake of Sita,Haga,"346,385"
439,Once a Hero,Yankifull,"622,636"
440,SHADOW,yunuji haejin,"192,173"
441,ORANGE MARMALADE,Seokwoo,4.9M
442,A Useless Villain,Yeoul ODI,1.2M
443,Newman,Josh Ulrich,2.7M
444,The Steam Dragon Express,Merryweather Porforever,3.1M
445,The Wolfman of Wulvershire,K. Oliver,2.1M
446,Cape of Spirits,Kris Nguyen,2.4M
447,Death's Game,LEE WONSIK GGULCHAN,1.5M
448,Phantom Paradise,Rurisen (L. Zhu),3.5M
449,The Wrath & the Dawn,Renée Ahdieh SilvesterVitale,5.5M
450,Fast Forward,PORTO Junki Hong,1M
451,Hardcore Leveling Warrior,Sehoon Kim,15.5M
452,Refund High School,LICO,11.9M
453,Mosquito Wars,JH,"583,911"
454,Dragnarok,KPJ Magmi,"447,125"
455,Snailogy,Snailords,2.6M
456,Anti-Monster Force,Goaten,"485,114"
457,My Universe,gongyi moonkyoung kim,1M
458,Finding Wonderland,roousuu WmW,1M
459,House of Stars,saltacuentos Lion Illustration,"867,823"
460,Catharsis,Ahniki,3.3M
461,GOSU,Giun Ryu Mun Jeong Hoo,6.3M
462,Your Adventure,Chris McCoy,"165,456"
463,Hellper,SAKK,1.1M
464,Rise from Ashes,Madeleine Rosca,4.4M
465,Skye,Cynthia J.S.,"616,960"
466,Dragnarok: Descendants,KPJ Magmi,"355,572"
467,April Flowers,ccustard,1.3M
468,Fluffy Boyfriend,Mihi,4.9M
469,Strawberry Seafoam,Bryan Golden,2.2M
470,Tenants from Another World,kiki E-um,"486,817"
471,Flow,Honey B,2.9M
472,Elf & Warrior,AC Stuart Victor Rosas II,2.5M
473,Under the Aegis,VIMEDDIEE,"562,902"
474,DICE,Hyunseok Yun,10.3M
475,Love Falls Like Rain,Yeri,"621,298"
476,microHUNTER,B.Y JRobin,3M
477,LESSA,POGO,"571,789"
478,Unlucky is as Lucky does,M. Nires,3.5M
479,DON'T HATE,Pink_Alien,4.3M
480,The Wendybird,WmW Thabfu,"817,279"
481,UnderPrin,smbryms,2.8M
482,Winter Woods,COSMOS VAN.J,3.8M
483,The Girl Who Sees Smells ,Maanchwee,"794,887"
484,Crown of Feathers,Nicki Pau Preto Foxkirin,1.2M
485,The Golden Spoon,HD3,"323,126"
486,Dents,Beth Behrs & Matt Doyle Sid Kotian,"872,489"
487,Messenger,Paul Tobin Ray Nadine,"727,999"
488,LESSA 2 - The Crimson Knight,POGO,"853,137"
489,FLOWAR,Hongjacga,"263,523"
490,Brothers Bond,Kevin Grevioux Ryan Benjamin,"159,725"
491,1000,Chuck Brown Sanford Greene,"81,074"
492,Helios:Femina,Michelle Phan,"302,034"
493,WEBTOON GREENLiGHT,WEBTOON Various Artists,3.3M
494,Ghosts Among the Wild Flowers,Ghost Wintersnow,"464,533"
495,Asterion,NeverDraws,"417,705"
496,The Masked Fables,Ebae Kim,"537,629"
497,Davinchibi,Camilla d’Errico Stephen W. Martin,"77,576"
498,SOUL CARTEL,Haram Youngji Kim,1.3M
499,Gepetto,Jewon Yeon,"721,374"
500,Guardians of the Video Game,Gasfard,"474,702"
501,Falling in the Blue,SimzArt,"135,275"
502,Firebrand,Jessica Chobot& Erika Lewis Claudia Aguirre,"310,156"
503,Magician,Serae Kim,2.4M
504,Spirits,Joseph Grabowski Colin Lawler,"162,415"
505,Sithrah,Jason Brubaker,"271,748"
506,Thornstone,Vicente Miranda,"596,748"
507,Shadow Pirates, Sean Galloway ​ Ian Hopps Leonel Castellani,"51,321"
508,Denma,Youngsoon Yang,2.8M
509,ROB,Richard Dinnick Magda Price & Miguel Sepulveda,"63,730"
510,Metaphorical HER,James Maddox David Stoll,"183,891"
511,Knight Run,Sungmin Kim,"166,957"
512,Fantasy Sketch - The Game,Jaekyeong Um Beom Sick Cheon,"100,211"
513,Alice Elise,Nicky Soh,"134,272"
514,Aura from Another Planet,Kyusam Kim,"275,643"
515,Cyberbunk,Bradley Mason SCE,"148,332"
516,Inarime,Maria Riccio Tommaso Bennato,"121,393"
517,Acursian,John Barrowman Carole Barrowman and Erika Lewis,"35,662"
518,Descended from Divinity,San Cheon ZAINO,"260,043"
519,Nano Machine,Great H GGBG,"319,651"
520,Charming the Duke of the North,Stardustvia gachunga,"494,728"
521,The Legendary Fossil,CHUNG JONG BESI,"329,598"
522,Master of Villains,DdeokkuE Izi,"215,017"
523,I’m the Max-Level Newbie,SWING BAT WAN.Z(REDICE STUDIO),1.3M
524,Monster Duke's Daughter,Han ocean Chal Lan,"745,596"
525,This Life to the Next,jojoohee YUNO,"236,406"
526,The Wildlands,littlebobler,"110,174"
527,Mage Again,Myoung rang Sulmo,"397,052"
528,Doom Breaker,Blue-Deep,3.1M
529,Jungle Juice,Hyeong Eun JUDER,6.1M
530,Stray Souls,Maf,2.4M
531,Men of the Harem,HereLee Alphatart,8.1M
532,Nomads,Captain Juuter,"561,327"
533,Sable Curse,Little Melon,"304,561"
534,"Good Luck, Hero! ",Song Hyunju,"282,754"
535,SOLEIL,YenKin,1.1M
536,Tower of God,SIU,52.5M
537,SubZero,Junepurrr,22.5M
538,Morgana and Oz,Miyuli,4.3M
539,Mythical Errand,GGOLI,"531,662"
540,The Remarried Empress,Alphatart Sumpul,25.1M
541,Taming the Marquess,Ire KRFFR,"514,358"
542,Code Adam,Atterozen,3.9M
543,Lovely Hell,Titasupp,"427,635"
544,Tricked into Becoming the Heroine's Stepmother,HARIHEEN MOKGAMGI,4.7M
545,Your Throne,SAM,12.8M
546,The Princess's Jewels,JYUN Hong Cha,1.9M
547,Of Dark Lords and Cabbages,Liyanya,1.3M
548,Nothing Special,Katie Cook,3M
549,Lady Knight,Lion Illustration,1.1M
550,Everywhere & Nowhere,Merryweather PeaCH,11.3M
551,Cursed Princess Club,LambCat,18.9M
552,Athena Complex,Kaisar,3M
553,EMPYREA,OHKATES,2.9M
554,The Red King,Heylenne,2.7M
555,Lalin's Curse,Isakytm,3.2M
556,The Devil is a Handsome Man,Hellothisisangle,2.4M
557,Batman: Wayne Family Adventures,StarBite CRC Payne,5.1M
558,Operation: True Love,kkokkalee Dledumb,1.7M
559,High Class Homos,Momozerii,6.9M
560,Mage & Demon Queen,Color_LES,22M
561,+99 Reinforced Wooden Stick,HONGSIL JIPERY,"561,167"
562,My Giant Nerd Boyfriend,fishball,61.5M
563,1HP Club,elfboi,3.6M
564,Love Advice from the Great Duke of Hell,unfins,12M
565,Winter Moon,Merryweather MAYUI,35.2M
566,Adventures of God,Teo Corey,28.5M
567,So I Married the Anti-Fan,Jaerim Eunjeong Kim,2.8M
568,Rooftops & Roommates,Zaanart,4.3M
569,Bluechair,Shen,42.9M
570,Romance 101,Namsoo,7.5M
571,Forever After,Hannah Patten Violet Matter,2.4M
572,Can I Take It Back?,shinmae,"574,190"
573,Hyperfocus,Kip Trevor,2.1M
574,Safely Endangered,Chris McCoy,23M
575,Ingrid the Plague Doctor,Harry Amoros,"274,857"
576,Rewriting the Villainess,HONGHYE,"899,506"
577,"God, Please Make Me a Demon! ",Bulsa Yomgary,1.6M
578,My Younger Brother's Friend,Nimni,1.7M
579,Karsearin: Adventures of a Red Dragon,YKB wm,"225,028"
580,Finding Fiends,LizardxLizard,1M
581,Live with Yourself!,Shen David J Catman,12.1M
582,Daily JoJo,Donggeon Lee,1.2M
583,The Build Up,911,1.2M
584,Heir's Game,suspu,4.6M
585,Little Matcha Girl,mame ´･ω･`,2M
586,Andy Bass,KenneDuck Gia,1.7M
587,Loaf App,Yugyeong Gulrim,"115,818"
588,Smity and Majesty,Nekucciola,1M
589,CARL,Hussein Traboulsi,5M
590,Cat vs. Dog,Sen-chan,"829,599"
591,The Hip Guy,HENIE,1.4M
592,MONOCHROME,Komatsuki,"287,489"
593,My Irresistible Ex,Ki moong YeoBack,"616,746"
594,Just Pancakes,HadeToons,2.6M
595,Teenage Dragon,Peanut,"185,458"
596,The Monster's Bride,Steak Sang beom,"624,812"
597,Da Yomanville Gang,Jason King,2.1M
598,Super Awkward Man,Pixzzo Afra,"225,103"
599,Cat Got Your Tongue,Teo Corey,"178,520"
600,Vibe Check!,Ucheomaaa,"455,232"
601,Trailer Park Warlock,Matthew J. Rainwater,"731,719"
602,Plum,samkimart,"912,564"
603,BlackSmith,Boredman,"247,713"
604,Heavenly Eats,Myoung rang Allbba,"103,908"
605,Principal's Livestream,jwawind,"67,930"
606,Romance Punch,Galang Larope,"80,941"
607,Gecko Chan,Meritxell Garcia,"487,790"
608,Meow Rangers,AHNJOO,"178,000"
609,Killer Bang: The First Kill,doyeon kim jinho bang,"50,638"
610,BOO! It's Sex,Danielle Corsetto Monica Gallagher,4.8M
611,'Til Debt Do Us Part,janggreen flowbee,1.7M
612,"Mom, I'm Sorry",MiTi GUGU,5.5M
613,Our Beloved Summer,Han Kyoung Chal Lee Naeun,"656,479"
614,AXED,Shren Patel Emi MG,3.9M
615,Brutally Honest,Deya Muniz,1.2M
616,Illustrated Internet,Dami Lee,"672,767"
617,The Wolf & Red Riding Hood,XUANN,3.6M
618,UndeadEd,Boredman,1.2M
619,Toaster Dude,littlebobler soaporsalad,3.3M
620,Rewriting Extinction,Various Artists,"283,552"
621,ShootAround,suspu,1.8M
622,Newman,Josh Ulrich,2.7M
623,Matchmaker Hero,Madeline Ince,1.1M
624,Cat Loaf Adventures,kyutepastry,2.2M
625,My Daughter is a Zombie,Yun-chang Lee,2.1M
626,Warning Label,Thomas F. Zahler,"459,400"
627,Murrz,Murrz,22.1M
628,CinnamonRoll,RE ME,"869,479"
629,Saphie: The One-Eyed Cat,joho,11.8M
630,My Name is Benny,Sokomin,4.6M
631,Library Ghost,Mikey Heller,"275,874"
632,My Dictator Boyfriend,Teo Guy,5.3M
633,Your Adventure,Chris McCoy,"165,456"
634,Waffles & Pancakes,DT Saranya,9M
635,Illusions of Adulting,Sara Zimmerman/Unearthed Comics,"167,818"
636,Meow Man,Olso,4M
637,HAPI BUNI,Ryan Pagelow,2.8M
638,10th Dimension Boys,Cutbu,"836,614"
639,A Budgie's Life,Muffin Girl,7.4M
640,Behind the GIFs,AC Stuart Kat Swenski,8.6M
641,Elf & Warrior,AC Stuart Victor Rosas II,2.5M
642,Apocalyptic Horseplay,Boredman,1.3M
643,As Per Usual,Dami Lee,9.7M
644,Unlucky is as Lucky does,M. Nires,3.5M
645,The Gentleman’s Armchair,Wes,"298,332"
646,DON'T HATE,Pink_Alien,4.3M
647,dustinteractive,Dustin Rogers,8.3M
648,Lorna,Benji Nate,"378,280"
649,How to Love,Dorris McComics,"671,910"
650,Moon You,Cho Seok,"746,264"
651,MercWorks,David J Catman,"521,052"
652,The Sound of Your Heart,Cho Seok,2.2M
653,Girls Have a Blog,Sarah Bollinger Tara Kurtzhals,"707,547"
654,1111 Animals,1111,"260,719"
655,Messenger,Paul Tobin Ray Nadine,"727,999"
656,I Don't Want This Kind of Hero,samchon,3.2M
657,Skate!!! Fire 100,Mallowboo Diggymungo,"283,231"
658,Trash Bird,Reza Farazmand,1.1M
659,New Normal: Class 8,Youngpaka,2.8M
660,God of Bath,Ilkwon Ha,"302,091"
661,National Dog Day 2016,Various Artists,"186,459"
662,Doodle for Food,Megan McKay,3.6M
663,Average Adventures of an Average Girl,lallirrr,"595,664"
664,Polidiocy,Mahoney & Akel Ryan Dunlavey,"74,744"
665,Lunarbaboon,Lunarbaboon,4.7M
666,MOONBEARD,James Squires,"405,298"
667,RANDOMPHILIA,Devin Bosco Le,1.1M
668,Eat Fighter,Crystal Skillman Fred Van Lente Fernando Pinto,"69,783"
669,3-Second Strip,Bae Jin-Soo,"827,114"
670,A Bittersweet Life,Donggeon Lee,"443,523"
671,Up and Out ,Julia Kaye,"560,612"
672,Ode to Our Youth,Heenari,"75,394"
673,Lars,The Awkward Yeti,"308,831"
674,BuzzFeed Comics,BuzzFeed Comics,"830,398"
675,Aura from Another Planet,Kyusam Kim,"275,643"
676,Cluster Fudge,John McNamee,"246,055"
677,The DaneMen,David Danemen,"464,958"
678,Tickle Town,Ardtron GNICE,"117,078"
679,New Life Project,Cherng,"74,656"
680,Nicholalala,Nichola Gwon,"186,970"
681,Pigminted,Le Brown,"237,124"
682,Cyko-KO,Robert Feldman,"8,848"
683,Epic V,Ardtron GNICE,"20,201"
684,Not an Angel,Castella Pyoryu,"105,857"
685,Nomads,Captain Juuter,"561,327"
686,Maid for Hire,demonicblackcat Erry Juhana,1.9M
687,"Good Luck, Hero! ",Song Hyunju,"282,754"
688,Acception,Colourbee,13.3M
689,Boyfriend of the Dead,Ushio,29.1M
690,Your Smile is a Trap,AENGO,7.1M
691,Match Made in Hell,keitalia,"888,046"
692,Bad Signs,Jimena Aranda,2.1M
693,Everywhere & Nowhere,Merryweather PeaCH,11.3M
694,LMLY,edbe,"885,414"
695,Cursed Princess Club,LambCat,18.9M
696,Her Mannequin,ST,"526,467"
697,Deadlove,Guy Teo,"318,559"
698,Not So Shoujo Love Story,Curryuku,4.4M
699,unOrdinary,uru-chan,54.2M
700,Teenage Mercenary,YC Rakyeon,6.6M
701,Omniscient Reader,singNsong UMI,17.3M
702,The Advanced Player of the Tutorial Tower,Bangguseok Gimssi Omagam,7.7M
703,ZOMGAN,ongoo dai,"115,146"
704,The God of High School,Yongje Park,29.7M
705,Get Schooled,Yongtaek Chae GARAM HAN,5.4M
706,Eleceed,Jeho Son ZHENA,18.8M
707,Villain to Kill,Fupin Eunji,3.7M
708,The World After the Fall ,singNsong S-Cynan,1.2M
709,The Dungeon Cleaning Life of a Once Genius Hunter,Dalbeat GoilGoil,"121,133"
710,Weak Hero,SEOPASS RAZEN,13.6M
711,The Lone Necromancer,JJJ KIM KYOUNG-YEOL,1.7M
712,Return of the Blossoming Blade,LICO Biga,2.3M
713,Mythic Item Obtained,Jung SeonYul Hess,"237,556"
714,The Druid of Seoul Station,liveBear Mun sung ho,1.9M
715,Hero Killer,Kkulbeol Beolkkul,3.7M
716,Return to Player,UMKY SEHON,3M
717,Return of the Mad Demon,JP Ihy,1.3M
718,Dungeons & Artifacts,Zerowater UMKY,2.7M
719,Lookism,Taejun Pak,42.4M
720,The Lone Spellcaster,Minchoba Chungcho,1.1M
721,I Get Stronger the More I Eat,Kitaeon Frost Mourne,1.5M
722,My S-Class Hunters,seri biwan,"794,277"
723,The Gamer,Sangyoung Seong Sang-A,19.8M
724,"66,666 Years: Advent of the Dark Mage",PASA TARU,1.8M
725,City of Blank,66,4.9M
726,Just a Goblin,Brandon Chen and JKSmanga Inuupen,"140,722"
727,The Academy's Undercover Professor,sayren Tana,"186,340"
728,Red Hood: Outlaws,Patrick R. Young Nico Bascuñan,"279,571"
729,Kill the Dragon,Miss Jisu J-Sun(REDICE STUDIO),"243,026"
730,Viral Hit,Taejun Pak Kim Junghyun,5.9M
731,Immortal Weakling,Yaruno Civen,"291,335"
732,Murim RPG Simulation,Hyung Geun Cho Kwang Hwi,"582,095"
733,Limit Breaker,Oh Hongsil,"499,158"
734,Infinite Leveling: Murim,Jinwoo Kim Gonbung,1.5M
735,The Strongest Florist,Hyun hoo Joo Kumtata,3.9M
736,Ordeal,Brent Bristol,"687,683"
737,Blood-Ink,Lupicut,4.6M
738,Wind Breaker,Yongseok Jo,18.2M
739,The Breaker: Eternal Force,GEUKJIN JEON JINHWAN PARK,"200,853"
740,The Warrior Returns,NARACK FUNGBACK,"890,936"
741,Study Group,Hyungwuk Shin Seungyeon Ryu,1.3M
742,Manager Kim,Jeongjongtaek Toy,"640,818"
743,Covenant,explodikid,2.2M
744,Best Teacher Baek,ORIBORI S.J LEE,"334,609"
745,To Not Die,Parae Jinguk Lim,"534,007"
746,Reincarnated as an Unruly Heir,Jeon madu zaemu,"728,961"
747,X & Ash,Sehoon Kim Kwangsu Lee,"290,098"
748,The Ember Knight,Hwandaeng,1.1M
749,Hanlim Gym,Hyeseong Sukjae Lee,"825,975"
750,Knight Under My Heart,Routine.  j HAN SungWoo,"188,669"
751,Gul,Atenmaru NicolieDC,1.1M
752,Hooves of Death,Sam Bragg,2.7M
753,21st Century Knights,Plastic Bottru,"585,355"
754,QUESTISM,TAEWAN YuNuni,"473,792"
755,The Final Raid Boss,KIM JANGHUN HA SEONGSHIN,"404,774"
756,Double Click,KIM JANGHUN PARK SUBONG,"655,449"
757,Room of Swords,Toonimated,6.4M
758,Ultra-Alternate Character,JIXKSEE,"632,589"
759,Blue Matter,forgotuser,"561,731"
760,A Dance of Swords in the Night,JP MinskySong,"97,126"
761,God Tribe,Agu_JUNU SEOPASS,"179,144"
762,Urban Animal,Justin Jordan John Amor,2.8M
763,Children of Mirra,MTS,"62,639"
764,The Last Dimension,Leaglem,"397,515"
765,Vixen: NYC,Jasmine Walls Manou Azumi,"222,403"
766,No Scope,ZOYANG,5.4M
767,Cloud Walker,kariyeen,"574,856"
768,Lily Crown,Diggymungo,"277,842"
769,Neon Revenge,Gisong NemGa,1.9M
770,Deor,J.oori,3M
771,Infinity,two5,"284,002"
772,Time and Time Again,Deo I.,"201,160"
773,Jupiter-Men,Actionkiddy,"107,179"
774,The Earth's Chosen Savior,Shinel Ha jung soo,"487,538"
775,Metro Hunter,YOPY Mr.Cheok,"432,430"
776,Straylight Tiger,flying-frappe,"401,206"
777,The First Hunter,dedart Chanwook Jeon,"681,422"
778,Red Compass,Frank Calicó,"15,593"
779,Here There Be Dragons,Disteal Steve Horton,"353,443"
780,Keys,RyaiArt,"78,460"
781,The Last Golden Child,Alkkae Saemong,"460,775"
782,MONOCHROME,Komatsuki,"287,489"
783,Warrior of the Wild,Jingle & DOXO♥️ Brian Koffler,"512,020"
784,Ghost King,SON GOHOO PARK JINSEOK,"219,755"
785,REAWAKENED MAN,Yongtaek Chae Jaehan Kim,"586,011"
786,Darbi,Sherard Jackson,2.5M
787,TACIT,KimDazzi,"722,623"
788,Shingi: The Spirit's Playbook,BBing Min A,"73,597"
789,Taekwondo Kid,JUN,"289,675"
790,100,Hyeong Eun Yunyeol Choi,"209,217"
791,Our Resident Exorcist,BaStards Acorn nut & GB,"12,992"
792,Psychic Studies,PARK EUN HYUK,"256,343"
793,Unstable,Pink_Alien,"35,961"
794,Fray,GO100,"161,792"
795,Re-Possessed,Yishan Li Trevor Mueller,"49,806"
796,A Man's Man,Dogado Lucas,"543,507"
797,Warrior Executioner,Serae Kim,"112,346"
798,Survival Log,e_no,"106,118"
799,Miez,Hiseki,"128,514"
800,Spirit Hunter,Yoon Hyun-seung Bang Seung-hyun,"398,723"
801,Zero Game,zelbasen,2.6M
802,The World is Money and Power,Dongwoo Han Dohee Lee,"886,353"
803,Branching Out,profzach,"81,333"
804,King of the East,Lee Dani Shin Jiwoo,"140,160"
805,Land of the Crimson Moon,Park Shin Shin Dong ku,"59,879"
806,Locker & Opener,Manchi Barunflower,"579,540"
807,The Fabled Warrior,Gosha Solem,"495,571"
808,Cydonia Shattering,Tony Karnowski Cocoon Production,"143,002"
809,Nexus Point,Trevor Mueller Sebastian von Buchwald,"37,706"
810,Hwarang: Flower Knights of the Underworld,hwieum striy,"101,578"
811,Meow Rangers,AHNJOO,"178,000"
812,Machine Uprising,Hongjacga Tae-yul Park,"54,290"
813,Eyes,Jeong Summer,"140,156"
814,The Retreats,Hyungwuk Shin Sunhee Kim,"64,451"
815,Killer Bang: The First Kill,doyeon kim jinho bang,"50,638"
816,Tales of Sarimin the Jinn,NAGATERBANG,"173,861"
817,GANDA: Night Defender,Nikki Dibya Wardhana Linka08,"45,474"
818,The Boxer,JH,11M
819,My Life as a Loser,Taejun Pak SW Jeon,"686,123"
820,Promise of an Orchid,Jeong Hyun joo PARK JIN HWAN,"632,945"
821,Noblesse: Rai's Adventure,Jeho Son Kwangsu Lee,"327,693"
822,Deadlife,Hooressha Jinguk Lim,"455,465"
823,Noblesse,Jeho Son Kwangsu Lee,20.8M
824,Once a Hero,Yankifull,"622,636"
825,A Useless Villain,Yeoul ODI,1.2M
826,Eternals: The 500 Year War,Marvel,"69,351"
827,The Steam Dragon Express,Merryweather Porforever,3.1M
828,Zombie Ship,choi hae woong Choi Insoo,"199,468"
829,Cape of Spirits,Kris Nguyen,2.4M
830,Phantom Paradise,Rurisen (L. Zhu),3.5M
831,Hardcore Leveling Warrior,Sehoon Kim,15.5M
832,Girls of the Wild's,HUN ZHENA,7.4M
833,SAMADHI,LEE WONSIK GGULCHAN,"589,742"
834,Anti-Monster Force,Goaten,"485,114"
835,Finding Wonderland,roousuu WmW,1M
836,GOSU,Giun Ryu Mun Jeong Hoo,6.3M
837,Sword Interval,Benjamin Fleuter,1.6M
838,Hellper,SAKK,1.1M
839,Skye,Cynthia J.S.,"616,960"
840,Dragnarok: Descendants,KPJ Magmi,"355,572"
841,Happiness,Jin Cheol-soo Park Si-hyun,"256,715"
842,Supersonic Girl,Sandra Diaz,"661,228"
843,Flow,Honey B,2.9M
844,DICE,Hyunseok Yun,10.3M
845,microHUNTER,B.Y JRobin,3M
846,LESSA,POGO,"571,789"
847,The Wendybird,WmW Thabfu,"817,279"
848,Pacific Rim: Amara,Cavan Scott Zhang Ran BigN,"86,566"
849,Nano List,Songah Min,3.4M
850,Crown of Feathers,Nicki Pau Preto Foxkirin,1.2M
851,SIDEKICKS,IRON Shin,"765,841"
852,Bloodhounds,Jeong Chan,"130,696"
853,Bloodless Wars,Tovon,"377,984"
854,Island,Inwan Youn Kyungil Yang,"70,254"
855,LESSA 2 - The Crimson Knight,POGO,"853,137"
856,Brothers Bond,Kevin Grevioux Ryan Benjamin,"159,725"
857,1000,Chuck Brown Sanford Greene,"81,074"
858,Jackie Rose,Josh Ulrich,"225,079"
859,The Red Hook,Dean Haspiel,"54,752"
860,Aphrodite IX,Matt Hawkins Stjepan Sejic,"160,738"
861,The Badguys,Luke Lancaster Orlando Caicedo,"330,115"
862,The Purple Heart,Vito Delsante Ricardo Venâncio,"50,246"
863,The Red Hook: War Cry,Dean Haspiel,"43,159"
864,Caster,Common Noble Transmission,"73,574"
865,Shadow Pirates, Sean Galloway ​ Ian Hopps Leonel Castellani,"51,321"
866,The Red Hook: STARCROSS,Dean Haspiel,"21,407"
867,Ghost Bats,Walter Ostlie,"119,362"
868,Pound,Tony Karnowski Orlando Caicedo,"355,486"
869,The Red Hook: Blackout & PTSD,Dean Haspiel,"21,605"
870,ROB,Richard Dinnick Magda Price & Miguel Sepulveda,"63,730"
871,City of Walls,A.K. Lovelace Shaun Noel,"20,635"
872,Descended from Divinity,San Cheon ZAINO,"260,043"
873,Nano Machine,Great H GGBG,"319,651"
874,Master of Villains,DdeokkuE Izi,"215,017"
875,I’m the Max-Level Newbie,SWING BAT WAN.Z(REDICE STUDIO),1.3M
876,Blade of the Phantom Master,Inwan Youn Kyungil Yang,"84,264"
877,The Wildlands,littlebobler,"110,174"
878,Death: Rescheduled,Snailords,2.6M
879,KILLMAX,Kennycomics SilentMaru,1.4M
880,Doom Breaker,Blue-Deep,3.1M
881,Jungle Juice,Hyeong Eun JUDER,6.1M
882,Stray Souls,Maf,2.4M
883,IF,Keon Tan,"466,890"
884,Tower of God,SIU,52.5M
885,The Eagle and the Snake,Angel Tovar,"325,006"
886,Code Adam,Atterozen,3.9M
887,R-X: RAYER HUNTER,Gyoc Hanga,"96,721"
888,Backchannel,Stan Lee Tom Akel Andie Tong,"169,022"
889,Boyfriends.,refrainbow,20.8M
890,Batman: Wayne Family Adventures,StarBite CRC Payne,5.1M
891,High Class Homos,Momozerii,6.9M
892,Daybreak,Moosopp,"805,102"
893,To The Stars and Back,Peglo,3M
894,Night Owls & Summer Skies,Rebecca Sullivan TIKKLIL,"315,270"
895,My Giant Nerd Boyfriend,fishball,61.5M
896,Adventures of God,Teo Corey,28.5M
897,After School Lessons for Unripe Apples,Soonkki,2.2M
898,Bluechair,Shen,42.9M
899,Lost in Translation,Jjolee,6.7M
900,Hyperfocus,Kip Trevor,2.1M
901,Safely Endangered,Chris McCoy,23M
902,Ingrid the Plague Doctor,Harry Amoros,"274,857"
903,Live with Yourself!,Shen David J Catman,12.1M
904,So You're Raising a Warrior,JEON Segi JEON Hoyun,1.2M
905,It's On,Sokomin,"321,833"
906,CARL,Hussein Traboulsi,5M
907,Cat vs. Dog,Sen-chan,"829,599"
908,It Rains on Precious Days,RYO. YABOMI,"152,617"
909,Exchange Student,ultrafrog,"122,439"
910,A DeadbEAT's Meal,CHEESE,"303,816"
911,The Dog Diaries,yee seon,"500,441"
912,Vibe Check!,Ucheomaaa,"455,232"
913,To Be Ordinary!,kkanaria,"190,525"
914,Our House,Jinha Jin Jong Kyung,"222,772"
915,Kidults,Hahim,"525,918"
916,Spring Once Again,2Hing,"85,938"
917,Gecko Chan,Meritxell Garcia,"487,790"
918,BOO! It's Sex,Danielle Corsetto Monica Gallagher,4.8M
919,"Sarah, I'm Sorry: Welcome to Our Galaxy",MiTi GUGU,"152,608"
920,Rumor Has It,sungA,"837,436"
921,AXED,Shren Patel Emi MG,3.9M
922,Nevertheless,Jeongseo,1.2M
923,Marry Me!,Miku Yuki,2.8M
924,Brutally Honest,Deya Muniz,1.2M
925,Yumi's Cells,Donggeon Lee,18.8M
926,Kind of Love,Various Artists,3M
927,Spirit Fingers,Han Kyoung Chal,5.3M
928,Refund High School,LICO,11.9M
929,Small World,Wonsun Jin,18.6M
930,Cat Loaf Adventures,kyutepastry,2.2M
931,Snailogy,Snailords,2.6M
932,Murrz,Murrz,22.1M
933,Illuminated,Rachel Song Maria Nguyen,"136,448"
934,Saphie: The One-Eyed Cat,joho,11.8M
935,My Name is Benny,Sokomin,4.6M
936,Library Ghost,Mikey Heller,"275,874"
937,My Dictator Boyfriend,Teo Guy,5.3M
938,Waffles & Pancakes,DT Saranya,9M
939,Illusions of Adulting,Sara Zimmerman/Unearthed Comics,"167,818"
940,Meow Man,Olso,4M
941,A Budgie's Life,Muffin Girl,7.4M
942,As Per Usual,Dami Lee,9.7M
943,Smile Brush,waroo,"425,186"
944,dustinteractive,Dustin Rogers,8.3M
945,Cooking Comically,Tyler Capps,"293,476"
946,Lorna,Benji Nate,"378,280"
947,How to Love,Dorris McComics,"671,910"
948,Just for Kicks,Josie Fox,2.5M
949,She Bites!,MandaRat NoChanJoo,"234,511"
950,MercWorks,David J Catman,"521,052"
951,The Sound of Your Heart,Cho Seok,2.2M
952,Girls Have a Blog,Sarah Bollinger Tara Kurtzhals,"707,547"
953,1111 Animals,1111,"260,719"
954,American Road Trip,Patrick Flores-Scott Little Corvus,"347,457"
955,My Kitty and Old Dog,cho,"937,609"
956,Smile Brush: My Old Pictures,waroo,"351,233"
957,Midnight Rhapsody,Wony Yoonsoo Sim,"121,649"
958,Roar Street Journal,Bonnie Pang,1M
959,National Dog Day 2016,Various Artists,"186,459"
960,Doodle for Food,Megan McKay,3.6M
961,Average Adventures of an Average Girl,lallirrr,"595,664"
962,Lunarbaboon,Lunarbaboon,4.7M
963,MOONBEARD,James Squires,"405,298"
964,RANDOMPHILIA,Devin Bosco Le,1.1M
965,All That We Hope to Be,it sun,"204,564"
966,3-Second Strip,Bae Jin-Soo,"827,114"
967,A Bittersweet Life,Donggeon Lee,"443,523"
968,Up and Out ,Julia Kaye,"560,612"
969,Lars,The Awkward Yeti,"308,831"
970,BuzzFeed Comics,BuzzFeed Comics,"830,398"
971,Midnight Rhapsody : Season 2,Wony Yoonsoo Sim,"103,293"
972,Cluster Fudge,John McNamee,"246,055"
973,Immortal Nerd,Hanna-Pirita Lehkonen,"176,423"
974,Just Ask Yuli,Yulius Efferven,"29,730"
975,Tickle Town,Ardtron GNICE,"117,078"
976,New Life Project,Cherng,"74,656"
977,Nicholalala,Nichola Gwon,"186,970"
978,Pigminted,Le Brown,"237,124"
979,Epic V,Ardtron GNICE,"20,201"
980,Penguin Loves Mev,Penguin,"329,846"
981,The Life of the Three Bears,Mr.D,"53,871"
982,Jingle Jungle,Yongjin Kim,"52,003"
983,Hello World!,Alex Norris,"171,460"
984,Fictional Skin,Kris Nguyen,"510,712"
985,Deadlove,Guy Teo,"318,559"
986,Lore Olympus,Rachel Smythe,58M
987,Down To Earth,Pookie Senpai,15.6M
988,Marry My Husband,sungsojak LICO,1.1M
989,True Beauty,Yaongyi,50.1M
990,Eaternal Nocturnal,instantmiso,5.1M
991,Suitor Armor,Purpah,8.7M
992,Boyfriends.,refrainbow,20.8M
993,Maybe Meant to Be,honeyskein damcho,2.5M
994,Castle Swimmer,Wendy Lian Martin,20.6M
995,Operation: True Love,kkokkalee Dledumb,1.7M
996,My Gently Raised Beast,Yeoseulki Early Flower,8.8M
997,The Kiss Bet,Ingrid Ochoa,11.2M
998,Mage & Demon Queen,Color_LES,22M
999,The Duke's Cursed Charm,Goyogom Sohwagi,"326,337"
1000,Daybreak,Moosopp,"805,102"
1001,Unlovable Replacement,Nylana,7M
1002,Sixth Sense Kiss,Got W Jocobong,4.7M
1003,Blood Reverie,lifelight,1.1M
1004,Leveling Up My Husband to the Max,Uginon Nuova,3.8M
1005,Nice To Meet You,Wishroomness,8.6M
1006,My In-Laws are Obsessed with Me ,seungu Han Yoon seol,2M
1007,Wished You Were Dead,SEOCHEONG ARAN,2.6M
1008,Love Me to Death,Toonimated,"744,026"
1009,To The Stars and Back,Peglo,3M
1010,The RUNWAY,Domi Nokdu,2.1M
1011,Night Owls & Summer Skies,Rebecca Sullivan TIKKLIL,"315,270"
1012,Happily Ever Afterwards,Hwang DoTol Jeongseo,4.5M
1013,Act Like You Love Me!,XUANN,5.8M
1014,Phase,Jouki,5.8M
1015,Brass & Sass,antlerella,7.7M
1016,The Four of Them,Mai Hirschfeld_,8.5M
1017,For My Derelict Favorite,Kim Seonyu Ryuho,"539,130"
1018,Be My Villain,mintibi,2M
1019,See You in My 19th Life,Lee Hey,10.2M
1020,Perfect Marriage Revenge,Yibambe so young,3.2M
1021,I Love Yoo,Quimchee,34M
1022,Nevermore,Kate Flynn Kit Trace,1.3M
1023,The Second Lead Syndrome,Batusawa,"112,426"
1024,Bitten Contract,sungeun,1.6M
1025,His Majesty's Proposal,Bloomy INUS,3.7M
1026,There Must Be Happy Endings,Jaerim Bulsa,3.2M
1027,Seasons of Blossom,HONGDUCK NEMONE,6.6M
1028,She's Hopeless,Seokwoo,4.3M
1029,Trash Belongs in the Trash Can!,EDDiERiNG,1M
1030,When Jasy Whistles,Cibeles,2.3M
1031,Archie Comics: Big Ethel Energy,Keryl Brown Ahmed Siobhan,2.2M
1032,Annie Green Hates Girls,Minorinmakes,"110,218"
1033,Regina Rena: To the Unforgiven,NANA Seol Dong-Won,1.3M
1034,Going Up,Melissaboo,"62,518"
1035,Twilight Poem,Kim Suji MIDNIGHT STUDIO,"604,707"
1036,To You Who Swallowed a Star,ARI,3.8M
1037,The Prince of Southland,Chris Geroux,2.2M
1038,The Witch and The Bull,Moonsia,6.4M
1039,Secretary Out-of-Order,QuornQuorn Parand,1.7M
1040,My Reason to Die,YUJU,"736,178"
1041,The Newlywed Diary of a Witch and a Dragon,New lung Dimang,5M
1042,So I Married the Anti-Fan,Jaerim Eunjeong Kim,2.8M
1043,Brimstone and Roses,Speremint,4M
1044,The Doctors are Out,Blau,5.5M
1045,Romance 101,Namsoo,7.5M
1046,Blood-Ink,Lupicut,4.6M
1047,Defects,mushmello,"461,441"
1048,Can I Take It Back?,shinmae,"574,190"
1049,Half-Ghost,Sejung,2.2M
1050,Another Love ,I SOON KI DDOGAK,"865,622"
1051,A Chance At Last,Dindon Seo hye eun,"735,757"
1052,Daytime Star,Chaeun Godago,"805,959"
1053,LoveBot,Chase Keels Miranda Mundt,2.3M
1054,My Dud to Stud Boyfriend,YERANG SUTGGI,"328,310"
1055,Long After the Ending,Dorae Wonderdream,"644,058"
1056,The Male Lead's Girl Friend,KAKON RYU HEON,1.4M
1057,Realta,Rachel Eaton,"316,260"
1058,No Longer A Heroine!,Maenggi Ki,3.6M
1059,Spells From Hell,WmW Silke Tara,2.7M
1060,My Younger Brother's Friend,Nimni,1.7M
1061,Phone Addict,HD 8,"392,588"
1062,Philia Rosé: The Prophecy of the Crown of Thorns,Ryuta YUMI,"537,545"
1063,A Whirlwind Campus Affair,Uiyoung,"639,890"
1064,Secret Playlist,2F,4.2M
1065,Shadow Bride,Sae In Lee Soo Bean Lim,1.8M
1066,Daily JoJo,Donggeon Lee,1.2M
1067,"Date First, Love Later",the gom (HAPPYBOOKSTOYOU) jungmi,1.4M
1068,Charming You,Gulrim Park Soo jung,"329,017"
1069,Devilish Romance,Lee Kong-joo White Eagle,2.3M
1070,Cierra,Rana Moona,"771,079"
1071,The Fox Club,HJ. Hwang,"499,944"
1072,The Matchmaking Baby Princess,Jimmy Sin Karin Park,1.3M
1073,A Summer Night's Dream,Kim su bak Kan,1.2M
1074,The Prenup,Flada Siwon,"515,626"
1075,Andy Bass,KenneDuck Gia,1.7M
1076,Mistake,Cindy Chwa Honeytoast,"264,462"
1077,The Double Agent,Hayeon Charles,"896,771"
1078,Flawless,Shinshinhye,1.1M
1079,Midnight Rain,Pani,1.7M
1080,Our Secret Alliance,Cakenyam,"333,339"
1081,Rewriting Our Love Story,choi gyeong min young mo,"203,058"
1082,Threads of Love,HAN KIJOO 1,"745,290"
1083,The Hip Guy,HENIE,1.4M
1084,My Irresistible Ex,Ki moong YeoBack,"616,746"
1085,Lullaby,MJ Baeklee,"224,809"
1086,The Most Ordinary Girl,Chogori,"271,930"
1087,Who's Mr. President?,S.M.S KING Productions,"304,896"
1088,My Roommate is a Gumiho,NA,2.1M
1089,Random Chat,PARK EUN HYUK,2.9M
1090,It Rains on Precious Days,RYO. YABOMI,"152,617"
1091,Protect the Knight,Dalbong,"472,274"
1092,Opposite of Always,justin a. reynolds Sharpteething,"233,703"
1093,Reunion,stephattyy,2M
1094,Neolithic Girl,JAEAH GARAM HAN,"815,510"
1095,Religiously Gay,Snotprince,"201,276"
1096,Time and Reason,Colabear,"136,707"
1097,Prince Maker,Suosu,"503,328"
1098,It Was All You,I SOON KI OH5HO,1.1M
1099,Write to Your Heart! ,vaguni,"156,505"
1100,Unwritten Death,MaracuyasArt,"769,683"
1101,Vampire Magicka,Bryan Golden,"100,420"
1102,The First Night With the Duke,MSG Teava,11.7M
1103,Days of Hana,Seokwoo,7.5M
1104,Maya's World,Tupaikidal,"278,307"
1105,Freaking Romance,Snailords,20.8M
1106,Discovering Love: A Harlequin Romance Collection,Various Artists,"136,281"
1107,Back to You,Honey B,5M
1108,My Deepest Secret,Hanza Art,15.4M
1109,Edith,Swansgarden,10.8M
1110,AntiSTALKER,VOKIVORMOK,4.8M
1111,How to Survive a Romance Fantasy,sing-nanda,1.4M
1112,My ID is Gangnam Beauty!,Maenggi Ki,1.3M
1113,Devil Number 4,jangjin woombeee,13.2M
1114,Publishing Love,Rosa Song Yi,"245,609"
1115,'Til Debt Do Us Part,janggreen flowbee,1.7M
1116,A Heart for the Emperor,6S coconutberry,"377,971"
1117,Siren's Lament,instantmiso,23.3M
1118,To Love Your Enemy,Jungyoon Taegeon,12.7M
1119,My Dear Cold-Blooded King,lifelight,15.8M
1120,Swimming Lessons for a Mermaid,YONGCHAN,6.5M
1121,The Girl Downstairs,Songah Min,3.9M
1122,Always Human,walkingnorth,2.6M
1123,Gourmet Hound,Leehama,12M
1124,Our Beloved Summer,Han Kyoung Chal Lee Naeun,"656,479"
1125,Rumor Has It,sungA,"837,436"
1126,Where Tangents Meet,instantmiso,2.9M
1127,The Nuna at Our Office,WasakBasak JANE,"746,388"
1128,Nevertheless,Jeongseo,1.2M
1129,Marry Me!,Miku Yuki,2.8M
1130,A Good Day to be a Dog,Lee Hey,10.5M
1131,Crumbs,Whitherling,1.8M
1132,Age Matters,Enjelicious,28.6M
1133,Atelier on the Sunflower Hill,Roctis Tray,"311,387"
1134,She Would Never Know,Cafelatte JINHA,1.6M
1135,The Makeup Remover,Lee Yone,13.3M
1136,Super Secret,eon,11.8M
1137,Ghost Wife,Sejung,10.5M
1138,Whale Star: The Gyeongseong Mermaid,Na Yoonhee,1.2M
1139,Miss Abbott and the Doctor,Maripaz Villar,8.3M
1140,Kind of Love,Various Artists,3M
1141,Cherry Blossoms,PARK SUBONG,"157,861"
1142,For the Sake of Sita,Haga,"346,385"
1143,Dating With a Tail,Jinha Hepon,3.2M
1144,ORANGE MARMALADE,Seokwoo,4.9M
1145,Eggnoid,Archie the Redcat,14.6M
1146,Late Bloomer,zealforart,"752,682"
1147,Assassin Roommate,Monica Gallagher,3.8M
1148,Double-Binded By Love,Fortune King Esam,"200,558"
1149,Ecstasy Hearts,SilentMaru,4.5M
1150,LUFF,Arechan,9.2M
1151,The Wrath & the Dawn,Renée Ahdieh SilvesterVitale,5.5M
1152,When the Day Comes,OMYO,1.5M
1153,Let Me Stay Over Tonight!,Yunana Heabun,1.9M
1154,Her Bucket List,Yellow sheep So-p,1.2M
1155,Mystical,VAN.J,3.4M
1156,Jumping Over,jonijo suh saya,"388,555"
1157,Warning Label,Thomas F. Zahler,"459,400"
1158,Oh! Holy,Ahyun,8.5M
1159,CinnamonRoll,RE ME,"869,479"
1160,My Universe,gongyi moonkyoung kim,1M
1161,Floating in My Mind,hcy,"474,559"
1162,Moonlight Beauty Parlor,Nawa,"687,068"
1163,Scorching Romance,Hongchi,5.4M
1164,Cheese in the Trap,Soonkki,9.3M
1165,Big Jo,Jungle Julia,5.6M
1166,The Stories of Those Around Me,OMYO,"910,104"
1167,April Flowers,ccustard,1.3M
1168,There's Love Hidden in Lies,Kawai Aporo,1.5M
1169,Before We Knew It,Nakano Mayaka,4.6M
1170,Tenants from Another World,kiki E-um,"486,817"
1171,unTouchable,massstar,6.1M
1172,Soul on Hold,Austen Marie,1.3M
1173,Salty Studio,OMYO,1.1M
1174,Love Falls Like Rain,Yeri,"621,298"
1175,Lilac 200%,Uiyoung,"365,981"
1176,Behind the Curtain,dagwa,"184,495"
1177,How to Love,Dorris McComics,"671,910"
1178,Cupid's Arrows,Thomas F. Zahler,"499,498"
1179,Laras's Heart,Tupaikidal,"154,973"
1180,Shard,echorise,"943,451"
1181,A Fake Affair,Akiko Higashimura,"202,783"
1182,No Marriage is Perfect,Lee Dahong Long.B,1M
1183,Charming the Duke of the North,Stardustvia gachunga,"494,728"
1184,Divine Circumstances,Yusoo Jeong Aro,"123,538"
1185,No Outtakes,Go Sunyoung,"680,126"
1186,Trapped,HAEMURI,"401,859"
1187,Love and Leashes,Winter,1.7M
1188,Not an Angel,Castella Pyoryu,"105,857"
1189,#Blessed,M. Victoria Robado,1.9M
1190,Console Her,AICandii,"202,720"
1191,Let's Play,Leeanne M. Krecic (Mongie),40.7M
1192,Men of the Harem,HereLee Alphatart,8.1M
1193,Maid for Hire,demonicblackcat Erry Juhana,1.9M
1194,Sable Curse,Little Melon,"304,561"
1195,SubZero,Junepurrr,22.5M
1196,Morgana and Oz,Miyuli,4.3M
1197,Your Smile is a Trap,AENGO,7.1M
1198,Taming the Marquess,Ire KRFFR,"514,358"
1199,School Bus Graveyard,Red,3.8M
1200,Lovely Hell,Titasupp,"427,635"
1201,Tricked into Becoming the Heroine's Stepmother,HARIHEEN MOKGAMGI,4.7M
1202,Agatha,Dain Lee,"450,711"
1203,Match Made in Hell,keitalia,"888,046"
1204,The Princess's Jewels,JYUN Hong Cha,1.9M
1205,Of Dark Lords and Cabbages,Liyanya,1.3M
1206,Of Swamp & Sea,Jay Boulton & Laurel Boulton,"791,589"
1207,Midnight Poppy Land,Lilydusk,14.5M
1208,Blades of Furry,Deya Muniz Emily Erdos,3.1M
1209,Surviving Romance,Lee Yone,3.6M
1210,Love Me Knot,Sophia,5.5M
1211,Beyond Virtual,EGA,"479,439"
1212,LMLY,edbe,"885,414"
1213,Kind of Confidential,Vivian Darlin,4.5M
1214,Her Mannequin,ST,"526,467"
1215,Athena Complex,Kaisar,3M
1216,Not So Shoujo Love Story,Curryuku,4.4M
1217,Death of a Pop Star,Violet Karim,2.5M
1218,Little Rain,Mai,"671,080"
1219,EMPYREA,OHKATES,2.9M
1220,Version Day and Night,dewkneelight,1.2M
1221,unOrdinary,uru-chan,54.2M
1222,Be My Villain,mintibi,2M
1223,Hand Jumper,SLEEPACROSS,"871,043"
1224,Red Hood: Outlaws,Patrick R. Young Nico Bascuñan,"279,571"
1225,Immortal Weakling,Yaruno Civen,"291,335"
1226,Urban Animal,Justin Jordan John Amor,2.8M
1227,Vixen: NYC,Jasmine Walls Manou Azumi,"222,403"
1228,Jupiter-Men,Actionkiddy,"107,179"
1229,REAWAKENED MAN,Yongtaek Chae Jaehan Kim,"586,011"
1230,Super Awkward Man,Pixzzo Afra,"225,103"
1231,Outrage,Fabian Nicieza Reilly Brown,"678,562"
1232,Lavender Jack,Dan Schkade,"686,440"
1233,Traveler,T Campbell John & Jason Waltrip,"25,355"
1234,Toaster Dude,littlebobler soaporsalad,3.3M
1235,SHADOW,yunuji haejin,"192,173"
1236,Eternals: The 500 Year War,Marvel,"69,351"
1237,SAMADHI,LEE WONSIK GGULCHAN,"589,742"
1238,The Fever King,Victoria Lee SaraDeek,2.6M
1239,Supersonic Girl,Sandra Diaz,"661,228"
1240,SIDEKICKS,IRON Shin,"765,841"
1241,Arma,Sgt.,1.3M
1242,Magical 12th Graders,seri Biwan,"588,074"
1243,I Don't Want This Kind of Hero,samchon,3.2M
1244,The Red Hook,Dean Haspiel,"54,752"
1245,Heroine Chic,David Tischman Audrey Mok,"927,006"
1246,The Badguys,Luke Lancaster Orlando Caicedo,"330,115"
1247,Power Ballad,Molly Brooks,"103,704"
1248,XINK3R,CHU KWON,"661,192"
1249,The Purple Heart,Vito Delsante Ricardo Venâncio,"50,246"
1250,The Red Hook: War Cry,Dean Haspiel,"43,159"
1251,The Brooklynite,Seth Kushner Shamus Beyale,"33,527"
1252,The Red Hook: STARCROSS,Dean Haspiel,"21,407"
1253,Pound,Tony Karnowski Orlando Caicedo,"355,486"
1254,The Red Hook: Blackout & PTSD,Dean Haspiel,"21,605"
1255,Inarime,Maria Riccio Tommaso Bennato,"121,393"
1256,Cyberforce,Top Cow Productions,"55,321"
1257,Cyko-KO,Robert Feldman,"8,848"
1258,Kind of Confidential,Vivian Darlin,4.5M
1259,Backchannel,Stan Lee Tom Akel Andie Tong,"169,022"
1260,Down To Earth,Pookie Senpai,15.6M
1261,Phase,Jouki,5.8M
1262,The Gamer,Sangyoung Seong Sang-A,19.8M
1263,City of Blank,66,4.9M
1264,The Prince of Southland,Chris Geroux,2.2M
1265,LoveBot,Chase Keels Miranda Mundt,2.3M
1266,Space Boy,Stephen McCranie,7.3M
1267,In the Bleak Midwinter;,Kat Ali,2.8M
1268,Never-Ending Darling,Woollee,"376,350"
1269,Room of Swords,Toonimated,6.4M
1270,The Last Dimension,Leaglem,"397,515"
1271,Housekeeper,Yongtaek Chae Yuhyun,"294,295"
1272,Straylight Tiger,flying-frappe,"401,206"
1273,Fluidum,GirlsOnFilm ValeriaM,1.6M
1274,TACIT,KimDazzi,"722,623"
1275,Seed,Said P.,3.1M
1276,Opposite of Always,justin a. reynolds Sharpteething,"233,703"
1277,Outrage,Fabian Nicieza Reilly Brown,"678,562"
1278,Miez,Hiseki,"128,514"
1279,It Was All You,I SOON KI OH5HO,1.1M
1280,Harmonia,JINU YOON,"193,436"
1281,Hellbound,Choi Gyuseok Yeon Sangho,"219,647"
1282,Nexus Point,Trevor Mueller Sebastian von Buchwald,"37,706"
1283,Machine Uprising,Hongjacga Tae-yul Park,"54,290"
1284,The Retreats,Hyungwuk Shin Sunhee Kim,"64,451"
1285,Traveler,T Campbell John & Jason Waltrip,"25,355"
1286,Always Human,walkingnorth,2.6M
1287,Eggnoid,Archie the Redcat,14.6M
1288,Matchmaker Hero,Madeline Ince,1.1M
1289,Mosquito Wars,JH,"583,911"
1290,My Daughter is a Zombie,Yun-chang Lee,2.1M
1291,The Fever King,Victoria Lee SaraDeek,2.6M
1292,BRAIN Anthology,Various Artists,"819,065"
1293,If AI Ruled the World,POGO HOOPA,"638,196"
1294,The Sound of Another,Baek June Thresher,"425,782"
1295,Pacific Rim: Amara,Cavan Scott Zhang Ran BigN,"86,566"
1296,Nano List,Songah Min,3.4M
1297,Moon You,Cho Seok,"746,264"
1298,Dents,Beth Behrs & Matt Doyle Sid Kotian,"872,489"
1299,Duty After School,Ilkwon Ha,"454,041"
1300,Bloodless Wars,Tovon,"377,984"
1301,FLOWAR,Hongjacga,"263,523"
1302,Aphrodite IX,Matt Hawkins Stjepan Sejic,"160,738"
1303,Gepetto,Jewon Yeon,"721,374"
1304,Guardians of the Video Game,Gasfard,"474,702"
1305,Falling in the Blue,SimzArt,"135,275"
1306,XINK3R,CHU KWON,"661,192"
1307,Heartwired,Rod Hannah stratosmacca,"208,599"
1308,Haxor,Walter Ostlie,"196,652"
1309,2015: Space Series,Various Artists,"66,252"
1310,Ghost Bats,Walter Ostlie,"119,362"
1311,Denma,Youngsoon Yang,2.8M
1312,Knight Run,Sungmin Kim,"166,957"
1313,Fantasy Sketch - The Game,Jaekyeong Um Beom Sick Cheon,"100,211"
1314,All That You Are,Brayden Sato,"100,874"
1315,Cyberbunk,Bradley Mason SCE,"148,332"
1316,Immortal Nerd,Hanna-Pirita Lehkonen,"176,423"
1317,Cyberforce,Top Cow Productions,"55,321"
1318,Rebirth,Michi,9.6M
1319,R-X: RAYER HUNTER,Gyoc Hanga,"96,721"
1320,Parallel City,Goda,2.9M
1321,The Shadow Prophet,Anne Delseit Marissa Delbressine,"306,189"
1322,The Guy Upstairs,Hanza Art,"519,034"
1323,Homesick,Ms. Freaky,4.7M
1324,Everything is Fine,Mike Birchall,4.9M
1325,Not Even Bones,R Schaeffer Glamist,10.3M
1326,I'm the Grim Reaper,GRAVEWEAVER,11.3M
1327,Scroll if You Dare,Various Artists,"377,120"
1328,Hand Jumper,SLEEPACROSS,"871,043"
1329,Gates of Hell,Dennis Culver Yuki Saeki,"44,417"
1330,Half-Ghost,Sejung,2.2M
1331,Never-Ending Darling,Woollee,"376,350"
1332,The Dummy's Dummy,Mochamura,"609,833"
1333,Pyramid Game,Dalgonyak,1.9M
1334,Flawless,Shinshinhye,1.1M
1335,Chasing Tails,BASHI,"883,620"
1336,Survival Diary,SSurplus man,"11,577"
1337,SOULWINDER,android_k05 WmW,"192,307"
1338,The Predator,Chi Chi Shin Heebin,"510,242"
1339,Escape Room,10PARK,2.8M
1340,Welfare Center ,NANA,"16,937"
1341,Everfallen,Alai Cinereo,"67,402"
1342,Disconnected from Reality,HHAANN LIMYE,"215,913"
1343,Seed,Said P.,3.1M
1344,100,Hyeong Eun Yunyeol Choi,"209,217"
1345,Counting Sheep,A.Rasen,"144,716"
1346,Nina's Magic Chest,RD,"194,645"
1347,Loser Coin,Lee Je Hwan Beomsik,"135,759"
1348,Nonesuch,The Bitsy Artist,"88,172"
1349,Eros Conquers All,ameliori,"261,633"
1350,The Secrets of the Willson Family,MILL2,"16,216"
1351,Fingers,jeongsik Park Ssuljak,"12,858"
1352,Bastard,Carnby Kim Youngchan Hwang,7.5M
1353,Land of the Crimson Moon,Park Shin Shin Dong ku,"59,879"
1354,Roach,NOWONE RIGHT HAND,"121,292"
1355,Night Fishing,LICO GOOD GUY,"9,126"
1356,Horang's Nightmare,Horang,"501,729"
1357,Of What Remains,Sillvi Studios,"171,481"
1358,Harmonia,JINU YOON,"193,436"
1359,Hellbound,Choi Gyuseok Yeon Sangho,"219,647"
1360,Unknown Caller,Various Artists,"202,027"
1361,Coffin Jackson,CTK,"67,838"
1362,Simon Sues,Myung Hee,"573,611"
1363,The Red Book,RD,"487,043"
1364,Night of Silence,Dongwoo Han Q-Ha,"86,135"
1365,My Deepest Secret,Hanza Art,15.4M
1366,Shriek,Various Artists,"426,450"
1367,Tales of the Unusual,Sungdae Oh,9.9M
1368,Sweet Home,Carnby Kim Youngchan Hwang,17.9M
1369,Distant Sky,Inwan Youn Sunhee Kim,1.6M
1370,The Horizon,JH,"345,225"
1371,The Vault of Horror: A Collection of Nightmares,Various Artists,"326,933"
1372,Have You Any Fear?,Various Artists,"186,946"
1373,Shotgun Boy,Carnby Kim Hongpil,4.2M
1374,Chiller,Various Artists,"892,195"
1375,All of Us Are Dead,Joo Dong-geun,1.2M
1376,It's Mine,LuckS,10.2M
1377,Melvina's Therapy,A.Rasen,2.2M
1378,GremoryLand,A.Rasen,2.2M
1379,PIGPEN,Carnby Kim Beom Sick Cheon,1.8M
1380,Tales of Greed,Juin Kim Taejun Pak Webtoon Company,"752,214"
1381,Money Game,Bae Jin-Soo,"255,748"
1382,Ghost Teller,QTT,5.2M
1383,Hell is Other People,Yong-Ki Kim,"597,757"
1384,Rotten,Goodguy,1.2M
1385,Elena,Jorge Jaramillo,"246,180"
1386,Dear X,VANZIUN,"751,318"
1387,Friday: Forbidden Tales,Bae Jin-Soo,"522,400"
1388,Fast Forward,PORTO Junki Hong,1M
1389,The Cliff,Sungdae Oh,"114,005"
1390,The Aftermath,Bongsoo,"164,560"
1391,Catharsis,Ahniki,3.3M
1392,Forest of Humans,Junho Hwang,"353,248"
1393,Bite Me,AffectedMind,1.4M
1394,Delusion,Hongjacga,1.1M
1395,Rot & Ruin,Taylor Grant Alempe,1.5M
1396,Witch Creek Road,Garth the Geek Kenan Halilovic,1.8M
1397,A Mark Against Thee,gotaeho,"271,898"
1398,Happiness,Jin Cheol-soo Park Si-hyun,"256,715"
1399,Live Forever,Raúl Trevino,"849,006"
1400,Grasp,Jeonghoon Hwang,"279,009"
1401,Beetle Hands,Herhumanist,"417,219"
1402,See No Evil,Gwangtanto Maduru,"469,100"
1403,ANT,Jaehee,"142,574"
1404,Fake Humans,kim-badak 0-hwan2,"291,332"
1405,HIVE,Kyusam Kim,2.9M
1406,DEAD DAYS,DEY,"584,555"
1407,DEEP,TOWOO Tae Heon Kim,"226,440"
1408,The Girl Who Sees Smells ,Maanchwee,"794,887"
1409,Epilogue,Cho Seok,"182,295"
1410,The Savior's Time,Song Geukjang,"454,760"
1411,Arma,Sgt.,1.3M
1412,Duty After School,Ilkwon Ha,"454,041"
1413,Ctrl+Z,MiTi,"664,111"
1414,S.I.D.,Sadaham,1.9M
1415,Subtle Disaster,SUNGHO AN,"196,973"
1416,CODE HELIX,Nikki Dibya Wardhana Bryan Arfiandy,"175,886"
1417,FINALITY,Warren Ellis Colleen Doran,"23,631"
1418,Varsity Noir,Kate Glasheen,"186,961"
1419,Noise From Upstairs,Yangsong,"113,365"
1420,Dr. Hound,Aruani Laym,"256,024"
1421,Trapped,HAEMURI,"401,859"
1422,Death: Rescheduled,Snailords,2.6M
1423,Rebirth,Michi,9.6M
1424,The Eagle and the Snake,Angel Tovar,"325,006"
1425,School Bus Graveyard,Red,3.8M
1426,Clinic of Horrors,Merryweather PokuriMio,6.3M
1427,Uriah,Toffuo,2.8M
1428,Shiloh,Kit Trace Kate Flynn,2M
1429,#Killstagram,Ryoung,3.6M
1430,Homesick,Ms. Freaky,4.7M
1431,Jackson's Diary,Paola Batalla,6.1M
1432,I'm the Grim Reaper,GRAVEWEAVER,11.3M
1433,Nevermore,Kate Flynn Kit Trace,1.3M
1434,Love Advice from the Great Duke of Hell,unfins,12M
1435,Brimstone and Roses,Speremint,4M
1436,Rooftops & Roommates,Zaanart,4.3M
1437,To Tame a Fire,hilluhri,"365,311"
1438,Gates of Hell,Dennis Culver Yuki Saeki,"44,417"
1439,Covenant,explodikid,2.2M
1440,Stagtown,Punko,2.1M
1441,Finding Fiends,LizardxLizard,1M
1442,Flawed Almighty,Carnby Kim RH Song,1.1M
1443,Devilish Romance,Lee Kong-joo White Eagle,2.3M
1444,Cloud Walker,kariyeen,"574,856"
1445,Time and Time Again,Deo I.,"201,160"
1446,Keys,RyaiArt,"78,460"
1447,The Most Ordinary Girl,Chogori,"271,930"
1448,Shingi: The Spirit's Playbook,BBing Min A,"73,597"
1449,Unstable,Pink_Alien,"35,961"
1450,Re-Possessed,Yishan Li Trevor Mueller,"49,806"
1451,Eros Conquers All,ameliori,"261,633"
1452,Spirit Hunter,Yoon Hyun-seung Bang Seung-hyun,"398,723"
1453,Betwixt,Harihtaroon,"140,124"
1454,BlackSmith,Boredman,"247,713"
1455,Do You Remember,Mallowboo,"65,857"
1456,Blue,kennsaty,"155,133"
1457,Simon Sues,Myung Hee,"573,611"
1458,Freaking Romance,Snailords,20.8M
1459,Unholy Blood,Lina Im Jeonghyeon Kim,13.2M
1460,AntiSTALKER,VOKIVORMOK,4.8M
1461,Devil Number 4,jangjin woombeee,13.2M
1462,Muted,Miranda Mundt,7.6M
1463,Swimming Lessons for a Mermaid,YONGCHAN,6.5M
1464,Ghost Wife,Sejung,10.5M
1465,UndeadEd,Boredman,1.2M
1466,Ghost Theater,LICO,2.2M
1467,Dating With a Tail,Jinha Hepon,3.2M
1468,My Boo,Jeongseo,2.9M
1469,The Sound of Magic: Annarasumanara,Ilkwon Ha,"915,788"
1470,Dark Mortal,Jeonyeok Lee,1.2M
1471,Mystical,VAN.J,3.4M
1472,Jumping Over,jonijo suh saya,"388,555"
1473,My Universe,gongyi moonkyoung kim,1M
1474,Floating in My Mind,hcy,"474,559"
1475,Bite Me,AffectedMind,1.4M
1476,Sword Interval,Benjamin Fleuter,1.6M
1477,Rise from Ashes,Madeleine Rosca,4.4M
1478,Fluffy Boyfriend,Mihi,4.9M
1479,unTouchable,massstar,6.1M
1480,Live Forever,Raúl Trevino,"849,006"
1481,Apocalyptic Horseplay,Boredman,1.3M
1482,The World Where I Belong,GMOW,1M
1483,Soul on Hold,Austen Marie,1.3M
1484,This Magical Moment,Na Yoonhee,"632,133"
1485,UnderPrin,smbryms,2.8M
1486,Wolfsbane,Ryan Cady Morgan Beem,"155,458"
1487,Shard,echorise,"943,451"
1488,11 of Me,Jiae Go Jaeyeong Yeong,"206,048"
1489,Jackie Rose,Josh Ulrich,"225,079"
1490,Magic Soda Pop,Raúl Trevino,"666,076"
1491,S.I.D.,Sadaham,1.9M
1492,Witch Hunt,SSO PARK,1M
1493,Faust,Arechan,"597,204"
1494,Firebrand,Jessica Chobot& Erika Lewis Claudia Aguirre,"310,156"
1495,Spirits,Joseph Grabowski Colin Lawler,"162,415"
1496,Acursian,John Barrowman Carole Barrowman and Erika Lewis,"35,662"
1497,Dreaming Freedom,2L,"566,399"
1498,KILLMAX,Kennycomics SilentMaru,1.4M
1499,Evelyne and the Occult,InksOwl comics,1.4M
1500,Third Shift Society,Meredith Moriarty,1.5M
1501,Clinic of Horrors,Merryweather PokuriMio,6.3M
1502,Royale,Emmett Hobbes Hank Jones,"57,712"
1503,Of Swamp & Sea,Jay Boulton & Laurel Boulton,"791,589"
1504,Shiloh,Kit Trace Kate Flynn,2M
1505,The Red King,Heylenne,2.7M
1506,Lalin's Curse,Isakytm,3.2M
1507,Purple Hyacinth,Ephemerys Sophism,13.6M
1508,Trash Belongs in the Trash Can!,EDDiERiNG,1M
1509,Stagtown,Punko,2.1M
1510,Zatanna & the Ripper,Sarah Dealy Syro,"284,597"
1511,Señorita Cometa,Arechan,"429,994"
1512,"Take Me, I'm Yours",RoseBean One Punch Rabbit,"724,016"
1513,Chasing Tails,BASHI,"883,620"
1514,SOULWINDER,android_k05 WmW,"192,307"
1515,Escape Room,10PARK,2.8M
1516,Welfare Center ,NANA,"16,937"
1517,Disconnected from Reality,HHAANN LIMYE,"215,913"
1518,Ghost on the Roof,Klaus Scrimshaw,"203,386"
1519,Nonesuch,The Bitsy Artist,"88,172"
1520,The Secrets of the Willson Family,MILL2,"16,216"
1521,Betwixt,Harihtaroon,"140,124"
1522,Fingers,jeongsik Park Ssuljak,"12,858"
1523,Locker & Opener,Manchi Barunflower,"579,540"
1524,Dr. Frost,JongBeom Lee,3.1M
1525,Night Fishing,LICO GOOD GUY,"9,126"
1526,Do You Remember,Mallowboo,"65,857"
1527,PIGPEN,Carnby Kim Beom Sick Cheon,1.8M
1528,The Wolfman of Wulvershire,K. Oliver,2.1M
1529,Rotten,Goodguy,1.2M
1530,Delusion,Hongjacga,1.1M
1531,Grasp,Jeonghoon Hwang,"279,009"
1532,Fake Humans,kim-badak 0-hwan2,"291,332"
1533,Garden Club Detective Squad,52chu,1M
1534,Epilogue,Cho Seok,"182,295"
1535,FINALITY,Warren Ellis Colleen Doran,"23,631"
1536,Varsity Noir,Kate Glasheen,"186,961"
1537,Evelyne and the Occult,InksOwl comics,1.4M
1538,Third Shift Society,Meredith Moriarty,1.5M
1539,Royale,Emmett Hobbes Hank Jones,"57,712"
1540,Parallel City,Goda,2.9M
1541,Wind Breaker,Yongseok Jo,18.2M
1542,Hanlim Gym,Hyeseong Sukjae Lee,"825,975"
1543,Double Click,KIM JANGHUN PARK SUBONG,"655,449"
1544,The Build Up,911,1.2M
1545,No Scope,ZOYANG,5.4M
1546,Infinity,two5,"284,002"
1547,Taekwondo Kid,JUN,"289,675"
1548,Plum,samkimart,"912,564"
1549,The Boxer,JH,11M
1550,Ecstasy Hearts,SilentMaru,4.5M
1551,Just for Kicks,Josie Fox,2.5M
1552,Skate!!! Fire 100,Mallowboo Diggymungo,"283,231"
1553,Be Still My Heart,Ilkwon Ha,"67,557"
1554,Eat Fighter,Crystal Skillman Fred Van Lente Fernando Pinto,"69,783"
1555,Blades of Furry,Deya Muniz Emily Erdos,3.1M
1556,Like Wind on a Dry Branch,Dalsaeowl Hwaeum,8.3M
1557,The Lazy Lord Masters the Sword,Dodomoon doip,1.6M
1558,Return of the Blossoming Blade,LICO Biga,2.3M
1559,Return of the Mad Demon,JP Ihy,1.3M
1560,Shadow Bride,Sae In Lee Soo Bean Lim,1.8M
1561,How to Become a Dragon,eon,4M
1562,The Double Agent,Hayeon Charles,"896,771"
1563,The Snake and the Flower,Na-eum So,"935,914"
1564,Lavender Jack,Dan Schkade,"686,440"
1565,Miss Abbott and the Doctor,Maripaz Villar,8.3M
1566,Madame Outlaw,Junk Ren WmW,1.3M
1567,The Weight of Our Sky,Hanna Alkaf Nisrina A.N.,1.2M
1568,The Kiss Bet,Ingrid Ochoa,11.2M
1569,Brass & Sass,antlerella,7.7M
1570,Odd Girl Out,Morangji,19.7M
1571,The Doctors are Out,Blau,5.5M
1572,It's On,Sokomin,"321,833"
1573,The Dog Diaries,yee seon,"500,441"
1574,Our House,Jinha Jin Jong Kyung,"222,772"
1575,Superstar Associate Manager,kyungwon Park Do8,"49,174"
1576,Your Letter,Hyeon A Cho,1.1M
1577,Aerial Magic,walkingnorth,1.7M
1578,Life Outside the Circle,H-P Lehkonen,1M
1579,Kids Are All Right,HP56,"422,101"
1580,When the Day Comes,OMYO,1.5M
1581,Small World,Wonsun Jin,18.6M
1582,HEART Anthology,Marvin.W caw-chan,1.7M
1583,Taste of Illness,Ilkwon Ha,"569,750"
1584,Strawberry Seafoam,Bryan Golden,2.2M
1585,Yuna & Kawachan,Lauren Schmidt,1.8M
1586,Smile Brush,waroo,"425,186"
1587,About Death,Sini Hyeono,"381,455"
1588,How to Love,Dorris McComics,"671,910"
1589,My Kitty and Old Dog,cho,"937,609"
1590,Smile Brush: My Old Pictures,waroo,"351,233"
1591,Roar Street Journal,Bonnie Pang,1M
1592,All That We Hope to Be,it sun,"204,564"
1593,Westwood Vibrato,Inwan Youn Sunhee Kim,"201,230"
1594,Just Ask Yuli,Yulius Efferven,"29,730"
1595,Penguin Loves Mev,Penguin,"329,846"
1596,Jingle Jungle,Yongjin Kim,"52,003"
1597,Hello World!,Alex Norris,"171,460"
1598,Nothing Special,Katie Cook,3M
1599,Little Rain,Mai,"671,080"
1600,Everything is Fine,Mike Birchall,4.9M
1601,Not Even Bones,R Schaeffer Glamist,10.3M
1602,Scroll if You Dare,Various Artists,"377,120"
1603,Stagtown,Punko,2.1M
1604,The Dummy's Dummy,Mochamura,"609,833"
1605,Survival Diary,SSurplus man,"11,577"
1606,The Predator,Chi Chi Shin Heebin,"510,242"
1607,Counting Sheep,A.Rasen,"144,716"
1608,Roach,NOWONE RIGHT HAND,"121,292"
1609,Horang's Nightmare,Horang,"501,729"
1610,Unknown Caller,Various Artists,"202,027"
1611,The Red Book,RD,"487,043"
1612,Night of Silence,Dongwoo Han Q-Ha,"86,135"
1613,Shriek,Various Artists,"426,450"
1614,Tales of the Unusual,Sungdae Oh,9.9M
1615,Sweet Home,Carnby Kim Youngchan Hwang,17.9M
1616,Distant Sky,Inwan Youn Sunhee Kim,1.6M
1617,The Vault of Horror: A Collection of Nightmares,Various Artists,"326,933"
1618,Have You Any Fear?,Various Artists,"186,946"
1619,All of Us Are Dead,Joo Dong-geun,1.2M
1620,Melvina's Therapy,A.Rasen,2.2M
1621,GremoryLand,A.Rasen,2.2M
1622,Ghost Teller,QTT,5.2M
1623,Hell is Other People,Yong-Ki Kim,"597,757"
1624,Zombie Ship,choi hae woong Choi Insoo,"199,468"
1625,Elena,Jorge Jaramillo,"246,180"
1626,Forest of Humans,Junho Hwang,"353,248"
1627,BRAIN Anthology,Various Artists,"819,065"
1628,Rot & Ruin,Taylor Grant Alempe,1.5M
1629,Witch Creek Road,Garth the Geek Kenan Halilovic,1.8M
1630,Beetle Hands,Herhumanist,"417,219"
1631,ANT,Jaehee,"142,574"
1632,HIVE,Kyusam Kim,2.9M
1633,DEAD DAYS,DEY,"584,555"
1634,Wolfsbane,Ryan Cady Morgan Beem,"155,458"
1635,Island,Inwan Youn Kyungil Yang,"70,254"
1636,Uriah,Toffuo,2.8M
1637,Surviving Romance,Lee Yone,3.6M
1638,#Killstagram,Ryoung,3.6M
1639,"Sarah, I'm Sorry: Welcome to Our Galaxy",MiTi GUGU,"152,608"
1640,Drawing on Heritage,WEBTOON Creators,"52,554"
1641,Rewriting Extinction,Various Artists,"283,552"
1642,Illuminated,Rachel Song Maria Nguyen,"136,448"
1643,Staying Healthy Together,Various Artists,1.6M
1644,Cooking Comically,Tyler Capps,"293,476"
1645,ㄴㅇㄹㅇㄴㄹ,LOZOLZ,"267,181"
1646,WEBTOON Now,Wyatt the Cat LOZOLZ,2.2M
